#,codigo_subcircuito,nombre_subcircuito,codigo_circuito
1,0,MAR TERRITORIAL,0
2,000C01S01,EL PIEDRERO 1,000C01
3,01D01C01S01,CAÑARIBAMBA 1,01D01C01
4,01D01C02S01,SAN BLAS 1,01D01C01
5,01D01C03S01,BELLAVISTA 1,01D01C01
6,01D01C04S01,VERDE LOMA 1,01D01C01
7,01D01C05S01,EL VECINO 1,01D01C01
8,01D01C05S02,EL VECINO 2,01D01C01
9,01D01C06S01,BARRIAL BLANCO 1,01D01C01
10,01D01C07S01,EL SAGRARIO 1,01D01C01
11,01D01C08S01,HERMANO MIGUEL 1,01D01C01
12,01D01C08S02,HERMANO MIGUEL 2,01D01C01
13,01D01C09S01,MACHANGARA 1,01D01C01
14,01D01C10S01,QUINTA CHICA 1,01D01C01
15,01D01C11S01,TERMINAL TERRESTRE 1,01D01C01
16,01D01C12S01,TOTORACOCHA 1,01D01C01
17,01D01C13S01,GIL RAMIREZ DAVALOS 1,01D01C01
18,01D01C14S01,SAYAUSI 1,01D01C01
19,01D01C15S01,SAN JOAQUIN 1,01D01C01
20,01D01C16S01,PACCHA Y NULTI 1,01D01C01
21,01D01C17S01,RICAURTE 1,01D01C01
22,01D01C17S02,RICAURTE 2,01D01C01
23,01D01C18S01,CHECA 1,01D01C01
24,01D01C19S01,OCTAVIO CORDERO 1,01D01C01
25,01D01C20S01,SININCAY 1,01D01C01
26,01D02C01S01,YANUNCAY 1,01D02C01
27,01D02C02S01,EL SALADO 1,01D02C01
28,01D02C03S01,NARANCAY 1,01D02C01
29,01D02C04S01,SUCRE 1,01D02C01
30,01D02C05S01,MONAY 1,01D02C01
31,01D02C06S01,HUAYNA CAPAC 1,01D02C01
32,01D02C07S01,EL BATAN 1,01D02C01
33,01D02C08S01,SAN SEBASTIAN 1,01D02C01
34,01D02C09S01,CAYAMBE 1,01D02C01
35,01D02C09S02,CAYAMBE 2,01D02C01
36,01D02C09S03,CAYAMBE 3,01D02C01
37,01D02C10S01,MOLLETURO 1,01D02C01
38,01D02C12S01,BAÑOS 1,01D02C01
39,01D02C13S01,TARQUI 1,01D02C01
40,01D02C14S01,TURI 1,01D02C01
41,01D02C15S01,CUMBE 1,01D02C01
42,01D02C16S01,QUINGEO 1,01D02C01
43,01D02C17S01,SANTA ANA 1,01D02C01
44,01D02C18S01,EL VALLE 1,01D02C01
45,01D02C19S01,COCHAPAMBA 1,01D02C01
46,01D03C01S01,GIRON 1,01D03C01
47,01D03C01S02,GIRON 2,01D03C01
48,01D03C02S01,SAN RAFAEL SHARUG 1,01D03C01
49,01D03C03S01,PUCARA 1,01D03C01
50,01D03C04S01,CERRO NEGRO 1,01D03C01
51,01D03C05S01,SAN FERNANDO 1,01D03C01
52,01D03C06S01,LA UNION 1,01D03C01
53,01D04C01S01,SAN JUAN 1,01D04C01
54,01D04C02S01,JADAN 1,01D04C01
55,01D04C03S01,ZHIMAD 1,01D04C01
56,01D04C04S01,GUALACEO 1,01D04C01
57,01D04C04S02,GUALACEO 2,01D04C01
58,01D04C05S01,GUALACEO SUR 1,01D04C01
59,01D04C06S01,REMIGIO CRESPO 1,01D04C01
60,01D04C07S01,CHORDELEG 1,01D04C01
61,01D04C07S02,CHORDELEG 2,01D04C01
62,01D05C01S01,NABON 1,01D05C01
63,01D05C02S01,LAS NIEVES 1,01D05C01
64,01D05C03S01,ONA 1,01D05C01
65,01D06C01S01,DUG DUG 1,01D06C01
66,01D06C02S01,PAUTE 1,01D06C01
67,01D06C02S02,PAUTE 2,01D06C01
68,01D06C03S01,EL PAN 1,01D06C01
69,01D06C04S01,AMALUZA 1,01D06C01
70,01D06C05S01,SEVILLA DE ORO 1,01D06C01
71,01D06C06S01,GUACHAPALA 1,01D06C01
72,01D07C01S01,SHUMIRAL 1,01D07C01
73,01D07C02S01,CAMILO PONCE ENRIQUEZ 1,01D07C01
74,01D07C02S02,CAMILO PONCE ENRIQUEZ 2,01D07C01
75,01D07C03S01,CARMEN DE PIJILI 1,01D07C01
76,01D08C01S01,SIGSIG 1,01D08C01
77,01D08C01S02,SIGSIG 2,01D08C01
78,01D08C02S01,JIMA 1,01D08C01
79,01D08C03S01,LUDO 1,01D08C01
80,02D01C01S01,GUARANDA SUR 1,02D01C01
81,02D01C02S01,15 DE MAYO 1,02D01C01
82,02D01C03S01,GUANUJO 1,02D01C01
83,02D01C04S01,1 DE MAYO 1,02D01C01
84,02D01C05S01,QUINDIGUA BAJO 1,02D01C01
85,02D01C06S01,PALMA LOMA 1,02D01C01
86,02D01C07S01,SIMIATUG 1,02D01C01
87,02D01C08S01,FACUNDO VELA 1,02D01C01
88,02D01C09S01,SALINAS 1,02D01C01
89,02D01C09S02,SALINAS 2,02D01C01
90,02D01C10S01,SAN LUIS 1,02D01C01
91,02D01C11S01,SAN LORENZO 1,02D01C01
92,02D01C11S02,SAN LORENZO 2,02D01C01
93,02D02C01S01,SAN JOSE DEL TAMBO 1,02D02C01
94,02D02C02S01,CHILLANES 1,02D02C01
95,02D03C01S01,TELIMBELA 1,02D03C01
96,02D03C02S01,MAGDALENA 1,02D03C01
97,02D03C03S01,CHIMBO 1,02D03C01
98,02D03C04S01,SAN MIGUEL 1,02D03C01
99,02D03C05S01,SAN PABLO 1,02D03C01
100,02D03C06S01,SANTIAGO 1,02D03C01
101,02D03C07S01,BALSAPAMBA 1,02D03C01
102,02D03C07S02,BALSAPAMBA 2,02D03C01
103,02D04C01S01,ECHEANDIA 1,02D04C01
104,02D04C01S02,ECHEANDIA 2,02D04C01
105,02D04C02S01,CALUMA 1,02D04C01
106,02D04C02S02,CALUMA 2,02D04C01
107,02D04C03S01,LAS NAVES 1,02D04C01
108,03D01C01S01,AZOGUES ORIENTE 1,03D01C01
109,03D01C01S02,AZOGUES ORIENTE 2,03D01C01
110,03D01C02S01,AZOGUES NORTE 1,03D01C01
111,03D01C02S02,AZOGUES NORTE 2,03D01C01
112,03D01C02S03,AZOGUES NORTE 3,03D01C01
113,03D01C03S01,UCHUPUCUM 1,03D01C01
114,03D01C04S01,AZOGUES SUR 1,03D01C01
115,03D01C04S02,AZOGUES SUR 2,03D01C01
116,03D01C05S01,GUAPAN 1,03D01C01
117,03D01C06S01,AZOGUES OESTE 1,03D01C01
118,03D01C06S02,AZOGUES OESTE 2,03D01C01
119,03D01C07S01,SAN MIGUEL 1,03D01C01
120,03D01C08S01,LUIS CORDERO 1,03D01C01
121,03D01C09S01,BIBLIAN 1,03D01C01
122,03D01C10S01,JERUSALEN 1,03D01C01
123,03D01C11S01,NAZON 1,03D01C01
124,03D01C12S01,DELEG 1,03D01C01
125,03D02C01S01,CAÑAR 1,03D02C01
126,03D02C02S01,CAÑAR OCCIDENTE 1,03D02C01
127,03D02C02S02,CAÑAR OCCIDENTE 2,03D02C01
128,03D02C03S01,GUALLETURO 1,03D02C01
129,03D02C04S01,INGAPIRCA 1,03D02C01
130,03D02C05S01,ZHUD 1,03D02C01
131,03D02C06S01,EL TAMBO 1,03D02C01
132,03D02C07S01,SUSCAL 1,03D02C01
133,03D03C01S01,TRONCAL NORTE 1,03D03C01
134,03D03C02S01,TRONCAL CENTRO 1,03D03C01
135,03D03C02S02,TRONCAL CENTRO 2,03D03C01
136,03D03C03S01,TRONCAL OESTE 1,03D03C01
137,03D03C03S02,TRONCAL OESTE 2,03D03C01
138,03D03C03S03,TRONCAL OESTE 3,03D03C01
139,04D01C01S01,SAN PEDRO DE HUACA 1,04D01C01
140,04D01C01S02,SAN PEDRO DE HUACA 2,04D01C01
141,04D01C02S01,OLIMPICO 1,04D01C01
142,04D01C03S01,COMUNEROS 1,04D01C01
143,04D01C04S01,ISIDRO AYORA 1,04D01C01
144,04D01C05S01,EL PORTAL 1,04D01C01
145,04D01C06S01,PARQUE DEL 8 1,04D01C01
146,04D01C07S01,EL MAESTRO 1,04D01C01
147,04D01C08S01,KENNEDY 1,04D01C01
148,04D01C09S01,SANTA MARTHA DE CUBA 1,04D01C01
149,04D01C10S01,JULIO ANDRADE 1,04D01C01
150,04D01C10S02,JULIO ANDRADE 2,04D01C01
151,04D01C11S01,TUFIÑO 1,04D01C01
152,04D01C12S01,CHICAL 1,04D01C01
153,04D01C12S02,CHICAL 2,04D01C01
154,04D01C13S01,URBINA 1,04D01C01
155,04D02C01S01,BOLIVAR 1,04D02C01
156,04D02C01S02,BOLIVAR 2,04D02C01
157,04D02C02S01,SAN RAFAEL 1,04D02C01
158,04D02C02S02,SAN RAFAEL 2,04D02C01
159,04D02C03S01,GARCIA MORENO 1,04D02C01
160,04D02C03S02,GARCIA MORENO 2,04D02C01
161,04D02C04S01,SAN GABRIEL NORTE 1,04D02C01
162,04D02C05S01,SAN GABRIEL SUR 1,04D02C01
163,04D02C06S01,CRISTOBAL COLON 1,04D02C01
164,04D02C06S02,CRISTOBAL COLON 2,04D02C01
165,04D02C07S01,LA PAZ 1,04D02C01
166,04D03C01S01,EL ANGEL 1,04D03C01
167,04D03C01S02,EL ANGEL 2,04D03C01
168,04D03C02S01,EL GOALTAL 1,04D03C01
169,04D03C03S01,LA CONCEPCION 1,04D03C01
170,04D03C03S02,LA CONCEPCION 2,04D03C01
171,04D03C04S01,MIRA 1,04D03C01
172,05D01C01S01,TOACAZO 1,05D01C01
173,05D01C02S01,MULALO 1,05D01C01
174,05D01C03S01,LASSO 1,05D01C01
175,05D01C03S02,LASSO 2,05D01C01
176,05D01C04S01,JOSEGUANGO 1,05D01C01
177,05D01C05S01,POALO 1,05D01C01
178,05D01C06S01,SAN JOSE 1,05D01C01
179,05D01C07S01,ELOY ALFARO 1,05D01C01
180,05D01C07S02,ELOY ALFARO 2,05D01C01
181,05D01C08S01,BETHLEMITAS 1,05D01C01
182,05D01C08S02,BETHLEMITAS 2,05D01C01
183,05D01C09S01,SAN CARLOS 1,05D01C01
184,05D01C10S01,SAN MARTIN 1,05D01C01
185,05D01C11S01,LA COCHA 1,05D01C01
186,05D01C12S01,LA CALERA 1,05D01C01
187,05D01C13S01,CHOFER 1,05D01C01
188,05D01C14S01,TERMINAL TERRESTRE 1,05D01C01
189,05D01C14S02,TERMINAL TERRESTRE 2,05D01C01
190,05D01C15S01,NUEVA VIDA 1,05D01C01
191,05D01C16S01,BELISARIO QUEVEDO 1,05D01C01
192,05D01C17S01,PASTO CALLE 1,05D01C01
193,05D01C18S01,GUAYTACAMA 1,05D01C01
194,05D01C18S02,GUAYTACAMA 2,05D01C01
195,05D02C01S01,GUASAGANDA 1,05D02C01
196,05D02C02S01,LA MANA NORTE 1,05D02C01
197,05D02C02S02,LA MANA NORTE 2,05D02C01
198,05D02C03S01,LA MANA SUR 1,05D02C01
199,05D02C03S02,LA MANA SUR 2,05D02C01
200,05D03C01S01,MORASPUNGO 1,05D03C01
201,05D03C02S01,PILLONPATA 1,05D03C01
202,05D03C03S01,EL CORAZON 1,05D03C01
203,05D04C01S01,SAQUISILI 1,05D04C01
204,05D04C01S02,SAQUISILI 2,05D04C01
205,05D04C02S01,CANCHAGUA 1,05D04C01
206,05D04C03S01,LA ESPERANZA 1,05D04C01
207,05D04C04S01,ANGAMARCA 1,05D04C01
208,05D04C05S01,PILALO 1,05D04C01
209,05D04C06S01,ZUMBAGUA 1,05D04C01
210,05D04C07S01,GUANGAJE 1,05D04C01
211,05D04C08S01,ALPAMALA 1,05D04C01
212,05D04C09S01,PUJILI 1,05D04C01
213,05D04C10S01,LA MERCED 1,05D04C01
214,05D04C11S01,LA VICTORIA 1,05D04C01
215,05D05C01S01,SIGCHOS 1,05D05C01
216,05D05C02S01,LAS PAMPAS 1,05D05C01
217,05D05C03S01,CHUGCHILLAN 1,05D05C01
218,05D05C04S01,ISINLIVI 1,05D05C01
219,05D06C01S01,CUSUBAMBA 1,05D06C01
220,05D06C02S01,SALCEDO 1,05D06C01
221,05D06C02S02,SALCEDO 2,05D06C01
222,05D06C02S03,SALCEDO 3,05D06C01
223,05D06C03S01,MULALILLO 1,05D06C01
224,05D06C03S02,MULALILLO 2,05D06C01
225,05D06C04S01,SANTA ANA 1,05D06C01
226,06D01C01S01,YARUQUIES 1,06D01C01
227,06D01C02S01,POLITECNICA 1,06D01C01
228,06D01C02S02,POLITECNICA 2,06D01C01
229,06D01C02S03,POLITECNICA 3,06D01C01
230,06D01C03S01,SHOPPING 1,06D01C01
231,06D01C04S01,CAMILO PONCE 1,06D01C01
232,06D01C04S02,CAMILO PONCE 2,06D01C01
233,06D01C05S01,CAMINOS AL SOL 1,06D01C01
234,06D01C06S01,LA ESTACION 1,06D01C01
235,06D01C06S02,LA ESTACION 2,06D01C01
236,06D01C07S01,SAN ALFONSO 1,06D01C01
237,06D01C07S02,SAN ALFONSO 2,06D01C01
238,06D01C08S01,PUCARA 1,06D01C01
239,06D01C08S02,PUCARA 2,06D01C01
240,06D01C09S01,LA PAZ 1,06D01C01
241,06D01C09S02,LA PAZ 2,06D01C01
242,06D01C10S01,TERMINAL TERRESTRE 1,06D01C01
243,06D01C11S01,LA CONDAMINE 1,06D01C01
244,06D01C11S02,LA CONDAMINE 2,06D01C01
245,06D01C12S01,LA PRIMAVERA 1,06D01C01
246,06D01C13S01,SANTA CRUZ 1,06D01C01
247,06D01C14S01,CALPI 1,06D01C01
248,06D01C15S01,24 DE MAYO 1,06D01C01
249,06D01C15S02,24 DE MAYO 2,06D01C01
250,06D01C16S01,QUIMIAG 1,06D01C01
251,06D01C17S01,LICTO 1,06D01C01
252,06D01C17S02,LICTO 2,06D01C01
253,06D01C18S01,PUNIN 1,06D01C01
254,06D01C19S01,SAN LUIS 1,06D01C01
255,06D01C19S02,SAN LUIS 2,06D01C01
256,06D01C20S01,CHAMBO 1,06D01C01
257,06D01C20S02,CHAMBO 2,06D01C01
258,06D02C01S01,HUIGRA 1,06D02C01
259,06D02C02S01,ALAUSI 1,06D02C01
260,06D02C03S01,GUASUNTOS 1,06D02C01
261,06D02C04S01,TIXAN 1,06D02C01
262,06D02C05S01,ACHUPALLAS 1,06D02C01
263,06D02C06S01,CHUNCHI 1,06D02C01
264,06D02C07S01,JOYAGSHI 1,06D02C01
265,06D03C01S01,CUMANDA 1,06D03C01
266,06D03C01S02,CUMANDA 2,06D03C01
267,06D03C02S01,PALLATANGA 1,06D03C01
268,06D04C01S01,CAJABAMBA 1,06D04C01
269,06D04C02S01,LIRIO 1,06D04C01
270,06D04C03S01,COLUMBE 1,06D04C01
271,06D04C04S01,PANGOR 1,06D04C01
272,06D04C05S01,SANTIAGO DE QUITO 1,06D04C01
273,06D04C06S01,GUAMOTE 1,06D04C01
274,06D04C07S01,COCHAPAMBA 1,06D04C01
275,06D04C08S01,TIO CAJAS 1,06D04C01
276,06D04C09S01,PALMIRA 1,06D04C01
277,06D04C10S01,CEBADAS 1,06D04C01
278,06D05C01S01,SAN ANDRES 1,06D05C01
279,06D05C01S02,SAN ANDRES 2,06D05C01
280,06D05C02S01,GUANO 1,06D05C01
281,06D05C02S02,GUANO 2,06D05C01
282,06D05C03S01,SANTA FE DE GALAN 1,06D05C01
283,06D05C04S01,PENIPE 1,06D05C01
284,07D01C01S01,CHILLA 1,07D01C01
285,07D01C02S01,LA IBERIA 1,07D01C01
286,07D01C03S01,PRIVILEGIO 1,07D01C01
287,07D01C04S01,BAJO ALTO 1,07D01C01
288,07D01C05S01,BARBONES 1,07D01C01
289,07D01C05S02,BARBONES 2,07D01C01
290,07D01C06S01,RIO BONITO 1,07D01C01
291,07D01C07S01,BUENA VISTA 1,07D01C01
292,07D01C07S02,BUENA VISTA 2,07D01C01
293,07D01C08S01,VELASCO IBARRA 1,07D01C01
294,07D01C08S02,VELASCO IBARRA 2,07D01C01
295,07D01C09S01,LAS PRADERAS 1,07D01C01
296,07D01C10S01,OCHOA LEON 1,07D01C01
297,07D01C10S02,OCHOA LEON 2,07D01C01
298,07D01C11S01,BANANERA SUR 1,07D01C01
299,07D01C12S01,BANANERA NORTE 1,07D01C01
300,07D01C13S01,PROGRESO 1,07D01C01
301,07D01C14S01,CASACAY 1,07D01C01
302,07D01C15S01,UZCURRUMI 1,07D01C01
303,07D02C01S01,9 DE MAYO 1,07D02C01
304,07D02C01S02,9 DE MAYO 2,07D02C01
305,07D02C02S01,NUEVO PILO 1,07D02C01
306,07D02C03S01,LA CUATRO MIL 1,07D02C01
307,07D02C03S02,LA CUATRO MIL 2,07D02C01
308,07D02C04S01,RAYITO DE LUZ 1,07D02C01
309,07D02C04S02,RAYITO DE LUZ 2,07D02C01
310,07D02C05S01,MACHALA OCCIDENTAL 1,07D02C01
311,07D02C06S01,GRAL SERRANO 1,07D02C01
312,07D02C07S01,27 DE FEBRERO 1,07D02C01
313,07D02C08S01,19 DE NOVIEMBRE 1,07D02C01
314,07D02C09S01,JAMBELI CENTRO 1,07D02C01
315,07D02C09S02,JAMBELI CENTRO 2,07D02C01
316,07D02C10S01,LA PROVIDENCIA 1,07D02C01
317,07D02C11S01,ROCAFUERTE 1,07D02C01
318,07D02C12S01,EL CAMBIO 1,07D02C01
319,07D02C13S01,PAEZ 1,07D02C01
320,07D02C14S01,LAS KATYAS 1,07D02C01
321,07D02C14S02,LAS KATYAS 2,07D02C01
322,07D02C14S03,LAS KATYAS 3,07D02C01
323,07D02C15S01,LA FERROVIARIA 1,07D02C01
324,07D02C16S01,CRISTO DEL CONSUELO 1,07D02C01
325,07D02C16S02,CRISTO DEL CONSUELO 2,07D02C01
326,07D02C17S01,PUERTO BOLIVAR 1,07D02C01
327,07D02C17S02,PUERTO BOLIVAR 2,07D02C01
328,07D02C18S01,WILSON FRANCO 1,07D02C01
329,07D02C19S01,SIMON BOLIVAR 1,07D02C01
330,07D02C20S01,PARQUE LINEAL 1,07D02C01
331,07D02C21S01,EL RETIRO 1,07D02C01
332,07D03C01S01,PACHA 1,07D03C01
333,07D03C01S02,PACHA 2,07D03C01
334,07D03C02S01,CERRO AZUL 1,07D03C01
335,07D03C03S01,MORALES 1,07D03C01
336,07D03C04S01,SALATI 1,07D03C01
337,07D03C05S01,PORTOVELO 1,07D03C01
338,07D03C06S01,GUANAZAN 1,07D03C01
339,07D03C07S01,GUIZHAGUIÑA 1,07D03C01
340,07D03C08S01,ZARUMA 1,07D03C01
341,07D03C09S01,ARCAPAMBA 1,07D03C01
342,07D04C01S01,BALSAS 1,07D04C01
343,07D04C02S01,MARCABELI 1,07D04C01
344,07D04C03S01,MOROMORO 1,07D04C01
345,07D04C04S01,SAN ROQUE 1,07D04C01
346,07D04C04S02,SAN ROQUE 2,07D04C01
347,07D04C05S01,SARACAY 1,07D04C01
348,07D04C05S02,SARACAY 2,07D04C01
349,07D04C06S01,CAPIRO 1,07D04C01
350,07D05C01S01,LA LIBERTAD 1,07D05C01
351,07D05C02S01,ARENILLAS 1,07D05C01
352,07D05C03S01,PALMALES 1,07D05C01
353,07D05C04S01,GUABILLO 1,07D05C01
354,07D05C05S01,UNION LOJANA 1,07D05C01
355,07D05C05S02,UNION LOJANA 2,07D05C01
356,07D05C06S01,HUALTACO 1,07D05C01
357,07D05C06S02,HUALTACO 2,07D05C01
358,07D05C06S03,HUALTACO 3,07D05C01
359,07D05C07S01,MILTON REYES 1,07D05C01
360,07D05C08S01,LA VICTORIA 1,07D05C01
361,07D06C01S01,TORATA 1,07D06C01
362,07D06C01S02,TORATA 2,07D06C01
363,07D06C02S01,BELLA MARIA 1,07D06C01
364,07D06C03S01,VEGA RIVERA 1,07D06C01
365,07D06C04S01,SANTA ROSA ESTE 1,07D06C01
366,07D06C04S02,SANTA ROSA ESTE 2,07D06C01
367,07D06C05S01,SANTA ROSA OESTE 1,07D06C01
368,07D06C06S01,LAS PALMERAS 1,07D06C01
369,07D06C07S01,JAMBELI 1,07D06C01
370,08D01C01S01,CODESA 1,08D01C01
371,08D01C02S01,LAS PALMAS 1,08D01C01
372,08D01C03S01,AIRE LIBRE 1,08D01C01
373,08D01C03S02,AIRE LIBRE 2,08D01C01
374,08D01C04S01,LA TOLITA 1,08D01C01
375,08D01C04S02,LA TOLITA 2,08D01C01
376,08D01C05S01,EL ARENAL 1,08D01C01
377,08D01C05S02,EL ARENAL 2,08D01C01
378,08D01C06S01,BELLAVISTA NORTE 1,08D01C01
379,08D01C06S02,BELLAVISTA NORTE 2,08D01C01
380,08D01C07S01,COLECTIVA 1,08D01C01
381,08D01C07S02,COLECTIVA 2,08D01C01
382,08D01C08S01,VALLE HERMOSO 1,08D01C01
383,08D01C08S02,VALLE HERMOSO 2,08D01C01
384,08D01C08S03,VALLE HERMOSO 3,08D01C01
385,08D01C09S01,CORDERO CRESPO 1,08D01C01
386,08D01C10S01,ESMERALDAS LIBRE 1,08D01C01
387,08D01C11S01,GUACHARACA 1,08D01C01
388,08D01C11S02,GUACHARACA 2,08D01C01
389,08D01C12S01,SANTA MARTHA 1,08D01C01
390,08D01C13S01,CENTRO 1,08D01C01
391,08D01C13S02,CENTRO 2,08D01C01
392,08D01C14S01,SANTA VAINAS 1,08D01C01
393,08D01C15S01,PROPICIA 1,08D01C01
394,08D01C16S01,VUELTA LARGA NORTE 1,08D01C01
395,08D01C17S01,PUMPULA 1,08D01C01
396,08D01C18S01,VUELTA LARGA SUR 1,08D01C01
397,08D01C19S01,TABIAZO 1,08D01C01
398,08D01C19S02,TABIAZO 2,08D01C01
399,08D01C20S01,CAMARONES 1,08D01C01
400,08D01C20S02,CAMARONES 2,08D01C01
401,08D01C21S01,SAN MATEO 1,08D01C01
402,08D01C21S02,SAN MATEO 2,08D01C01
403,08D02C01S01,LIMONES 1,08D02C01
404,08D02C01S02,LIMONES 2,08D02C01
405,08D02C01S03,LIMONES 3,08D02C01
406,08D02C01S04,LIMONES 4,08D02C01
407,08D02C02S01,ANCHAYACU 1,08D02C01
408,08D02C02S02,ANCHAYACU 2,08D02C01
409,08D02C02S03,ANCHAYACU 3,08D02C01
410,08D02C03S01,BORBON 1,08D02C01
411,08D02C03S03,BORBON 3,08D02C01
412,08D02C04S01,SELVA ALEGRE 1,08D02C01
413,08D02C04S02,SELVA ALEGRE 2,08D02C01
414,08D03C01S01,GALERAS 1,08D03C01
415,08D03C01S02,GALERAS 2,08D03C01
416,08D03C02S01,MUISNE 1,08D03C01
417,08D03C02S02,MUISNE 2,08D03C01
418,08D03C02S03,MUISNE 3,08D03C01
419,08D03C03S01,CHAMANGA 1,08D03C01
420,08D03C03S02,CHAMANGA 2,08D03C01
421,08D03C04S01,MOMPICHE 1,08D03C01
422,08D03C04S02,MOMPICHE 2,08D03C01
423,08D03C05S01,ATACAMES 1,08D03C01
424,08D03C05S02,ATACAMES 2,08D03C01
425,08D03C06S01,TONSUPA 1,08D03C01
426,08D03C07S01,LA UNION DE ATACAMES 1,08D03C01
427,08D03C08S01,TONCHIGUE 1,08D03C01
428,08D03C08S02,TONCHIGUE 2,08D03C01
429,08D04C01S01,CUPA 1,08D04C01
430,08D04C02S01,ROSA ZARATE 1,08D04C01
431,08D04C02S02,ROSA ZARATE 2,08D04C01
432,08D04C03S01,QUININDE 1,08D04C01
433,08D04C03S02,QUININDE 2,08D04C01
434,08D04C04S01,LA SEXTA 1,08D04C01
435,08D04C05S01,PUEBLO NUEVO 1,08D04C01
436,08D04C06S01,BOCANA DE BUA 1,08D04C01
437,08D04C07S01,LA INDEPENDENCIA 1,08D04C01
438,08D04C08S01,LA UNION 1,08D04C01
439,08D04C08S02,LA UNION 2,08D04C01
440,08D04C09S01,VICHE 1,08D04C01
441,08D04C10S01,CUBE 1,08D04C01
442,08D04C11S01,MALIMPIA 1,08D04C01
443,08D04C11S02,MALIMPIA 2,08D04C01
444,08D05C01S01,FRONTERA 1,08D05C01
445,08D05C01S02,FRONTERA 2,08D05C01
446,08D05C01S03,FRONTERA 3,08D05C01
447,08D05C02S01,URBINA 1,08D05C01
448,08D05C02S02,URBINA 2,08D05C01
449,08D05C03S01,TAMBILLO 1,08D05C01
450,08D05C04S01,CARONDELET 1,08D05C01
451,08D05C04S02,CARONDELET 2,08D05C01
452,08D06C01S01,PALESTINA 1,08D06C01
453,08D06C01S02,PALESTINA 2,08D06C01
454,08D06C01S03,PALESTINA 3,08D06C01
455,08D06C02S01,MONTALVO 1,08D06C01
456,08D06C02S02,MONTALVO 2,08D06C01
457,08D06C02S03,MONTALVO 3,08D06C01
458,09D01C01S01,GUASMO 1,09D01C01
459,09D01C01S02,GUASMO 2,09D01C01
460,09D01C01S03,GUASMO 3,09D01C01
461,09D01C01S04,GUASMO 4,09D01C01
462,09D01C02S01,UNION DE BANANEROS 1,09D01C01
463,09D01C02S02,UNION DE BANANEROS 2,09D01C01
464,09D01C02S03,UNION DE BANANEROS 3,09D01C01
465,09D01C03S01,FLORESTA 1,09D01C01
466,09D01C03S02,FLORESTA 2,09D01C01
467,09D01C03S03,FLORESTA 3,09D01C01
468,09D01C04S01,7 LAGOS 1,09D01C01
469,09D01C04S02,7 LAGOS 2,09D01C01
470,09D01C04S03,7 LAGOS 3,09D01C01
471,09D01C04S04,7 LAGOS 4,09D01C01
472,09D01C05S01,CENTENARIO 1,09D01C01
473,09D01C05S02,CENTENARIO 2,09D01C01
474,09D01C05S03,CENTENARIO 3,09D01C01
475,09D01C05S04,CENTENARIO 4,09D01C01
476,09D01C05S05,CENTENARIO 5,09D01C01
477,09D01C06S01,PUNA 1,09D01C01
478,09D01C06S02,PUNA 2,09D01C01
479,09D01C06S03,PUNA 3,09D01C01
480,09D01C06S04,PUNA 4,09D01C01
481,09D02C01S01,ESTEROS 1,09D02C01
482,09D02C01S02,ESTEROS 2,09D02C01
483,09D02C01S03,ESTEROS 3,09D02C01
484,09D02C01S04,ESTEROS 4,09D02C01
485,09D02C02S01,MALVINAS SUR 1,09D02C01
486,09D02C02S02,MALVINAS SUR 2,09D02C01
487,09D02C02S03,MALVINAS SUR 3,09D02C01
488,09D02C03S01,MALVINAS NORTE 1,09D02C01
489,09D02C03S02,MALVINAS NORTE 2,09D02C01
490,09D02C03S03,MALVINAS NORTE 3,09D02C01
491,09D02C04S01,TRINITARIA NORTE 1,09D02C01
492,09D02C04S02,TRINITARIA NORTE 2,09D02C01
493,09D02C04S03,TRINITARIA NORTE 3,09D02C01
494,09D02C04S04,TRINITARIA NORTE 4,09D02C01
495,09D02C05S01,TRINITARIA SUR 1,09D02C01
496,09D02C05S02,TRINITARIA SUR 2,09D02C01
497,09D02C05S03,TRINITARIA SUR 3,09D02C01
498,09D02C05S04,TRINITARIA SUR 4,09D02C01
499,09D02C05S05,TRINITARIA SUR 5,09D02C01
500,09D03C01S01,CHILE 1,09D03C01
501,09D03C01S02,CHILE 2,09D03C01
502,09D03C01S03,CHILE 3,09D03C01
503,09D03C01S04,CHILE 4,09D03C01
504,09D03C02S01,VICTORIA 1,09D03C01
505,09D03C02S02,VICTORIA 2,09D03C01
506,09D03C02S03,VICTORIA 3,09D03C01
507,09D03C02S04,VICTORIA 4,09D03C01
508,09D03C02S05,VICTORIA 5,09D03C01
509,09D03C03S01,9 DE OCTUBRE 1,09D03C01
510,09D03C03S02,9 DE OCTUBRE 2,09D03C01
511,09D03C03S03,9 DE OCTUBRE 3,09D03C01
512,09D03C03S04,9 DE OCTUBRE 4,09D03C01
513,09D03C03S05,9 DE OCTUBRE 5,09D03C01
514,09D03C03S06,9 DE OCTUBRE 6,09D03C01
515,09D03C04S01,GARAY 1,09D03C01
516,09D03C04S02,GARAY 2,09D03C01
517,09D03C04S03,GARAY 3,09D03C01
518,09D03C04S04,GARAY 4,09D03C01
519,09D03C05S01,VENEZUELA 1,09D03C01
520,09D03C05S02,VENEZUELA 2,09D03C01
521,09D03C05S03,VENEZUELA 3,09D03C01
522,09D03C06S01,ANTEPARA 1,09D03C01
523,09D03C06S02,ANTEPARA 2,09D03C01
524,09D03C06S03,ANTEPARA  3,09D03C01
525,09D03C07S01,CRISTO DEL CONSUELO 1,09D03C01
526,09D03C07S02,CRISTO DEL CONSUELO 2,09D03C01
527,09D03C07S03,CRISTO DEL CONSUELO 3,09D03C01
528,09D04C01S01,CISNE 1,09D04C01
529,09D04C01S02,CISNE 2,09D04C01
530,09D04C01S03,CISNE 3,09D04C01
531,09D04C01S04,CISNE 4,09D04C01
532,09D04C01S05,CISNE 5,09D04C01
533,09D04C02S01,CHALA 1,09D04C01
534,09D04C02S02,CHALA 2,09D04C01
535,09D04C02S03,CHALA 3,09D04C01
536,09D04C03S01,SALINAS 1,09D04C01
537,09D04C03S02,SALINAS 2,09D04C01
538,09D04C03S03,SALINAS 3,09D04C01
539,09D04C03S04,SALINAS 4,09D04C01
540,09D04C04S01,PORTETE 1,09D04C01
541,09D04C04S02,PORTETE 2,09D04C01
542,09D04C04S03,PORTETE 3,09D04C01
543,09D04C04S04,PORTETE 4,09D04C01
544,09D04C05S01,BATALLON DEL SUBURBIO 1,09D04C01
545,09D04C05S02,BATALLON DEL SUBURBIO 2,09D04C01
546,09D04C05S03,BATALLON DEL SUBURBIO 3,09D04C01
547,09D04C05S04,BATALLON DEL SUBURBIO 4,09D04C01
548,09D04C06S01,SUBURBIO 1,09D04C01
549,09D04C06S02,SUBURBIO 2,09D04C01
550,09D04C06S03,SUBURBIO 3,09D04C01
551,09D04C06S04,SUBURBIO 4,09D04C01
552,09D04C06S05,SUBURBIO 5,09D04C01
553,09D05C01S01,ATARAZANA 1,09D05C01
554,09D05C01S02,ATARAZANA 2,09D05C01
555,09D05C01S03,ATARAZANA 3,09D05C01
556,09D05C01S04,ATARAZANA 4,09D05C01
557,09D05C01S05,ATARAZANA 5,09D05C01
558,09D05C01S06,ATARAZANA 6,09D05C01
559,09D05C01S07,ATARAZANA 7,09D05C01
560,09D05C01S08,ATARAZANA 8,09D05C01
561,09D05C02S01,SAUCES 1,09D05C01
562,09D05C02S02,SAUCES 2,09D05C01
563,09D05C02S03,SAUCES 3,09D05C01
564,09D05C02S04,SAUCES 4,09D05C01
565,09D05C02S05,SAUCES 5,09D05C01
566,09D05C02S06,SAUCES 6,09D05C01
567,09D05C02S07,SAUCES 7,09D05C01
568,09D05C02S08,SAUCES 8,09D05C01
569,09D05C03S01,GUAYACANES 1,09D05C01
570,09D05C03S02,GUAYACANES 2,09D05C01
571,09D05C03S03,GUAYACANES 3,09D05C01
572,09D05C03S04,GUAYACANES 4,09D05C01
573,09D05C03S05,GUAYACANES 5,09D05C01
574,09D05C03S06,GUAYACANES 6,09D05C01
575,09D05C04S01,ALBORADA 1,09D05C01
576,09D05C04S02,ALBORADA 2,09D05C01
577,09D05C04S03,ALBORADA 3,09D05C01
578,09D05C04S04,ALBORADA 4,09D05C01
579,09D05C04S05,ALBORADA 5,09D05C01
580,09D05C04S06,ALBORADA 6,09D05C01
581,09D05C04S07,ALBORADA 7,09D05C01
582,09D05C05S01,URDESA 1,09D05C01
583,09D05C05S02,URDESA 2,09D05C01
584,09D05C05S03,URDESA 3,09D05C01
585,09D05C05S04,URDESA 4,09D05C01
586,09D05C05S05,URDESA 5,09D05C01
587,09D05C05S06,URDESA 6,09D05C01
588,09D05C05S07,URDESA 7,09D05C01
589,09D05C06S01,KENNEDY 1,09D05C01
590,09D05C06S02,KENNEDY 2,09D05C01
591,09D05C06S03,KENNEDY 3,09D05C01
592,09D05C06S04,KENNEDY 4,09D05C01
593,09D05C06S05,KENNEDY 5,09D05C01
594,09D05C07S01,TENGUEL 1,09D05C01
595,09D06C01S01,BELLAVISTA 1,09D06C01
596,09D06C01S02,BELLAVISTA 2,09D06C01
597,09D06C01S03,BELLAVISTA 3,09D06C01
598,09D06C01S04,BELLAVISTA 4,09D06C01
599,09D06C01S05,BELLAVISTA 5,09D06C01
600,09D06C01S06,BELLAVISTA 6,09D06C01
601,09D06C02S01,MARTHA DE ROLDOS 1,09D06C01
602,09D06C02S02,MARTHA DE ROLDOS 2,09D06C01
603,09D06C02S03,MARTHA DE ROLDOS 3,09D06C01
604,09D06C02S04,MARTHA DE ROLDOS 4,09D06C01
605,09D06C02S05,MARTHA DE ROLDOS 5,09D06C01
606,09D06C02S06,MARTHA DE ROLDOS 6,09D06C01
607,09D06C02S07,MARTHA DE ROLDOS 7,09D06C01
608,09D06C02S08,MARTHA DE ROLDOS 8,09D06C01
609,09D06C03S01,SAMANES 1,09D06C01
610,09D06C03S02,SAMANES 2,09D06C01
611,09D06C03S03,SAMANES 3,09D06C01
612,09D06C04S01,JUAN MONTALVO 1,09D06C01
613,09D06C04S02,JUAN MONTALVO 2,09D06C01
614,09D06C04S03,JUAN MONTALVO 3,09D06C01
615,09D06C04S04,JUAN MONTALVO 4,09D06C01
616,09D06C04S05,JUAN MONTALVO 5,09D06C01
617,09D06C04S06,JUAN MONTALVO 6,09D06C01
618,09D06C05S01,FLORIDA 1,09D06C01
619,09D06C05S02,FLORIDA 2,09D06C01
620,09D06C05S03,FLORIDA 3,09D06C01
621,09D06C06S01,MAPASINGUE 1,09D06C01
622,09D06C06S02,MAPASINGUE 2,09D06C01
623,09D06C06S03,MAPASINGUE 3,09D06C01
624,09D06C06S04,MAPASINGUE 4,09D06C01
625,09D06C06S05,MAPASINGUE 5,09D06C01
626,09D07C01S01,MONTE BELLO 1,09D07C01
627,09D07C01S02,MONTE BELLO 2,09D07C01
628,09D07C01S03,MONTE BELLO 3,09D07C01
629,09D07C01S04,MONTE BELLO 4,09D07C01
630,09D07C02S01,BASTION POPULAR SUR 1,09D07C01
631,09D07C02S02,BASTION POPULAR SUR 2,09D07C01
632,09D07C02S03,BASTION POPULAR SUR 3,09D07C01
633,09D07C03S01,BASTION POPULAR NORTE 1,09D07C01
634,09D07C03S02,BASTION POPULAR NORTE 2,09D07C01
635,09D07C03S03,BASTION POPULAR NORTE 3,09D07C01
636,09D07C04S01,MUCHO LOTE 1,09D07C01
637,09D07C04S02,MUCHO LOTE 2,09D07C01
638,09D07C05S01,ORQUIDEAS 1,09D07C01
639,09D07C05S02,ORQUIDEAS 2,09D07C01
640,09D07C05S03,ORQUIDEAS 3,09D07C01
641,09D07C05S04,ORQUIDEAS 4,09D07C01
642,09D07C05S05,ORQUIDEAS 5,09D07C01
643,09D07C05S06,ORQUIDEAS 6,09D07C01
644,09D07C05S07,ORQUIDEAS 7,09D07C01
645,09D07C06S01,PASCUALES 1,09D07C01
646,09D07C06S02,PASCUALES 2,09D07C01
647,09D07C06S03,PASCUALES 3,09D07C01
648,09D07C06S04,PASCUALES 4,09D07C01
649,09D07C07S01,SAN FRANCISCO 1,09D07C01
650,09D07C07S02,SAN FRANCISCO 2,09D07C01
651,09D07C07S03,SAN FRANCISCO 3,09D07C01
652,09D07C07S04,SAN FRANCISCO 4,09D07C01
653,09D07C07S05,SAN FRANCISCO 5,09D07C01
654,09D07C08S01,PUENTE LUCIA 1,09D07C01
655,09D07C08S02,PUENTE LUCIA 2,09D07C01
656,09D08C01S01,NUEVA PROSPERINA 1,09D08C01
657,09D08C01S02,NUEVA PROSPERINA 2,09D08C01
658,09D08C01S03,NUEVA PROSPERINA 3,09D08C01
659,09D08C02S01,FORTIN 1,09D08C01
660,09D08C02S02,FORTIN 2,09D08C01
661,09D08C02S03,FORTIN 3,09D08C01
662,09D08C02S04,FORTIN 4,09D08C01
663,09D08C03S01,PARAISO LA FLOR 1,09D08C01
664,09D08C03S02,PARAISO LA FLOR 2,09D08C01
665,09D08C03S03,PARAISO LA FLOR 3,09D08C01
666,09D08C03S04,PARAISO LA FLOR 4,09D08C01
667,09D08C04S01,FLOR DE BASTION 1,09D08C01
668,09D08C04S02,FLOR DE BASTION 2,09D08C01
669,09D08C04S03,FLOR DE BASTION 3,09D08C01
670,09D08C04S05,FLOR DE BASTION 5,09D08C01
671,09D08C04S06,FLOR DE BASTION 6,09D08C01
672,09D08C04S07,FLOR DE BASTION 7,09D08C01
673,09D08C04S08,FLOR DE BASTION 8,09D08C01
674,09D08C04S09,FLOR DE BASTION 9,09D08C01
675,09D08C05S01,MONTE SINAI 1,09D08C01
676,09D08C05S02,MONTE SINAI 2,09D08C01
677,09D08C05S03,MONTE SINAI 3,09D08C01
678,09D08C05S04,MONTE SINAI 4,09D08C01
679,09D08C05S05,MONTE SINAI 5,09D08C01
680,09D08C05S06,MONTE SINAI 6,09D08C01
681,09D08C05S07,MONTE SINAI 7,09D08C01
682,09D08C05S08,MONTE SINAI 8,09D08C01
683,09D08C06S01,NUEVO GUAYAQUIL 1,09D08C01
684,09D08C06S02,NUEVO GUAYAQUIL 2,09D08C01
685,09D08C06S03,NUEVO GUAYAQUIL 3,09D08C01
686,09D08C06S04,NUEVO GUAYAQUIL 4,09D08C01
687,09D09C01S01,LOS CEIBOS 1,09D09C01
688,09D09C01S02,LOS CEIBOS 2,09D09C01
689,09D09C01S03,LOS CEIBOS 3,09D09C01
690,09D09C02S01,PUERTO HONDO 1,09D09C01
691,09D09C02S02,PUERTO HONDO 2,09D09C01
692,09D09C02S03,PUERTO HONDO 3,09D09C01
693,09D09C03S01,CHONGON 1,09D09C01
694,09D10C01S01,MORRO 1,09D10C01
695,09D10C02S01,POSORJA 1,09D10C01
696,09D10C03S01,PROGRESO 1,09D10C01
697,09D11C01S01,JUJAN ESTE 1,09D11C01
698,09D11C02S01,JUJAN OESTE 1,09D11C01
699,09D11C02S02,JUJAN OESTE 2,09D11C01
700,09D11C03S01,SIMON BOLIVAR 1,09D11C01
701,09D11C04S01,LORENZO DE GARAICOA 1,09D11C01
702,09D12C01S01,SAN CARLOS 1,09D12C01
703,09D12C02S01,BALAO 1,09D12C01
704,09D12C02S02,BALAO 2,09D12C01
705,09D12C03S01,NARANJAL CENTRO 1,09D12C01
706,09D12C04S01,NARANJAL SUR 1,09D12C01
707,09D12C04S02,NARANJAL SUR 2,09D12C01
708,09D12C05S01,JAIME ROLDOS 1,09D12C01
709,09D12C06S01,TAURA 1,09D12C01
710,09D12C06S02,TAURA 2,09D12C01
711,09D12C07S01,PUERTO INCA 1,09D12C01
712,09D12C08S01,VILLA NUEVA 1,09D12C01
713,09D13C01S01,BALZAR OESTE 1,09D13C01
714,09D13C02S01,LA GUAYAQUIL 1,09D13C01
715,09D13C03S01,ROSA PAREDES 1,09D13C01
716,09D13C04S01,BALZAR CENTRO 1,09D13C01
717,09D13C05S01,BALZAR SUR 1,09D13C01
718,09D13C06S01,COLIMES 1,09D13C01
719,09D13C06S02,COLIMES 2,09D13C01
720,09D13C07S01,COLIMES RURAL 1,09D13C01
721,09D13C08S01,SAN JACINTO 1,09D13C01
722,09D13C09S01,PALESTINA 1,09D13C01
723,09D13C09S02,PALESTINA 2,09D13C01
724,09D13C10S01,PALESTINA RURAL 1,09D13C01
725,09D14C01S01,PEDRO CARBO 1,09D14C01
726,09D14C01S02,PEDRO CARBO 2,09D14C01
727,09D14C02S01,ESTACADA 1,09D14C01
728,09D14C02S02,ESTACADA 2,09D14C01
729,09D14C03S01,SABANILLA 1,09D14C01
730,09D14C04S01,VALLE DE LA VIRGEN 1,09D14C01
731,09D14C05S01,LOMAS DE SARGENTILLO 1,09D14C01
732,09D14C05S02,LOMAS DE SARGENTILLO 2,09D14C01
733,09D14C06S01,ISIDRO AYORA 1,09D14C01
734,09D15C01S01,EL ROSARIO 1,09D15C01
735,09D15C02S01,PUERTO DEL MONO 1,09D15C01
736,09D15C03S01,CARLOS JULIO AROSEMENA 1,09D15C01
737,09D15C04S01,EMPALME SUROESTE 1,09D15C01
738,09D15C05S01,EMPALME SURESTE 1,09D15C01
739,09D15C06S01,EMPALME CENTRO 1,09D15C01
740,09D16C01S01,EL TRIUNFO ESTE 1,09D16C01
741,09D16C02S01,EL TRIUNFO OESTE 1,09D16C01
742,09D16C02S02,EL TRIUNFO OESTE 2,09D16C01
743,09D16C03S01,EL TRIUNFO CENTRO 1,09D16C01
744,09D16C04S01,BUCAY 1,09D16C01
745,09D17C01S01,BELLAVISTA 1,09D17C01
746,09D17C01S02,BELLAVISTA 2,09D17C01
747,09D17C02S01,UNIVERSITARIO 1,09D17C01
748,09D17C03S01,LAS PILAS 1,09D17C01
749,09D17C04S01,MAR NEGRO 1,09D17C01
750,09D17C05S01,CENTRO 1,09D17C01
751,09D17C05S02,CENTRO 2,09D17C01
752,09D17C06S01,VALDEZ 1,09D17C01
753,09D17C07S01,VISALTUR 1,09D17C01
754,09D17C07S02,VISALTUR 2,09D17C01
755,09D17C08S01,APOLO 1,09D17C01
756,09D17C09S01,ALMEIDA 1,09D17C01
757,09D17C09S02,ALMEIDA 2,09D17C01
758,09D17C10S01,SAN MIGUEL 1,09D17C01
759,09D17C10S02,SAN MIGUEL 2,09D17C01
760,09D17C11S01,SAN PEDRO 1,09D17C01
761,09D17C12S01,LAS PIÑAS 1,09D17C01
762,09D17C12S02,LAS PIÑAS 2,09D17C01
763,09D17C13S01,CHOBO 1,09D17C01
764,09D17C14S01,MARISCAL SUCRE 1,09D17C01
765,09D17C15S01,ROBERTO ASTUDILLO 1,09D17C01
766,09D18C01S01,NARANJITO ESTE 1,09D18C01
767,09D18C01S02,NARANJITO ESTE 2,09D18C01
768,09D18C02S01,NARANJITO SUR 1,09D18C01
769,09D18C03S01,NARANJITO CENTRO 1,09D18C01
770,09D18C04S01,MARCELINO MARIDUEÑA 1,09D18C01
771,09D18C04S02,MARCELINO MARIDUEÑA 2,09D18C01
772,09D19C01S01,LA YOLITA 1,09D19C01
773,09D19C02S01,JUAN BAUTISTA AGUIRRE 1,09D19C01
774,09D19C02S02,JUAN BAUTISTA AGUIRRE 2,09D19C01
775,09D19C03S01,DAULE CENTRO 1,09D19C01
776,09D19C03S02,DAULE CENTRO 2,09D19C01
777,09D19C04S01,LIMONAL 1,09D19C01
778,09D19C04S02,LIMONAL 2,09D19C01
779,09D19C05S01,LA T 1,09D19C01
780,09D19C06S01,LAS LOJAS 1,09D19C01
781,09D19C07S01,SANTA LUCIA 1,09D19C01
782,09D19C08S01,CABUYAL 1,09D19C01
783,09D19C09S01,PORVENIR 1,09D19C01
784,09D19C10S01,NOBOL 1,09D19C01
785,09D19C10S02,NOBOL 2,09D19C01
786,09D20C01S01,SALITRE NORTE 1,09D20C01
787,09D20C02S01,SALITRE SAUCES 1,09D20C01
788,09D20C02S02,SALITRE SAUCES 2,09D20C01
789,09D20C03S01,VERNAZA 1,09D20C01
790,09D20C04S01,VICTORIA 1,09D20C01
791,09D20C05S01,JUNQUILLAL 1,09D20C01
792,09D21C01S01,YAGUACHI SUR 1,09D21C01
793,09D21C02S01,YAGUACHI NORTE 1,09D21C01
794,09D21C03S01,BOLICHE 1,09D21C01
795,09D21C04S01,VIRGEN DE FATIMA 1,09D21C01
796,09D21C05S01,CONE 1,09D21C01
797,09D22C01S01,PLAYAS 1,09D22C01
798,09D22C01S02,PLAYAS 2,09D22C01
799,09D22C02S01,GENERAL VILLAMIL 1,09D22C01
800,09D22C02S02,GENERAL VILLAMIL 2,09D22C01
801,09D22C03S01,ENGABAO 1,09D22C01
802,09D23C01S01,SAMBORONDON 1,09D23C01
803,09D23C01S02,SAMBORONDON 2,09D23C01
804,09D23C01S03,SAMBORONDON 3,09D23C01
805,09D23C01S04,SAMBORONDON 4,09D23C01
806,09D23C01S05,SAMBORONDON 5,09D23C01
807,09D23C02S01,TARIFA 1,09D23C01
808,09D24C01S01,ABEL GILBERT 1,09D24C01
809,09D24C01S02,ABEL GILBERT 2,09D24C01
810,09D24C01S03,ABEL GILBERT 3,09D24C01
811,09D24C01S04,ABEL GILBERT 4,09D24C01
812,09D24C02S01,CENTRO 1,09D24C01
813,09D24C02S02,CENTRO 2,09D24C01
814,09D24C02S03,CENTRO 3,09D24C01
815,09D24C02S04,CENTRO 4,09D24C01
816,09D24C03S01,PANORAMA 1,09D24C01
817,09D24C03S02,PANORAMA 2,09D24C01
818,09D24C04S01,LA HERRADURA 1,09D24C01
819,09D24C05S01,RECREO 1,09D24C01
820,09D24C05S02,RECREO 2,09D24C01
821,09D24C05S03,RECREO 3,09D24C01
822,09D24C05S04,RECREO 4,09D24C01
823,09D24C05S05,RECREO 5,09D24C01
824,09D24C05S06,RECREO 6,09D24C01
825,09D24C05S07,RECREO 7,09D24C01
826,09D24C05S08,RECREO 8,09D24C01
827,09D24C06S01,DIVINO NIÑO 1,09D24C01
828,09D24C06S02,DIVINO NIÑO 2,09D24C01
829,09D24C06S03,DIVINO NIÑO 3,09D24C01
830,09D24C06S04,DIVINO NIÑO 4,09D24C01
831,09D24C07S01,ARBOLITO 1,09D24C01
832,09D24C07S02,ARBOLITO 2,09D24C01
833,09D24C07S03,ARBOLITO 3,09D24C01
834,09D24C08S01,LIGA CANTONAL 1,09D24C01
835,09D24C08S02,LIGA CANTONAL 2,09D24C01
836,10D01C01S01,ARCANGEL 1,10D01C01
837,10D01C01S02,ARCANGEL 2,10D01C01
838,10D01C02S01,CARANQUIS 1,10D01C01
839,10D01C02S02,CARANQUIS 2,10D01C01
840,10D01C03S01,LOS CEIBOS 1,10D01C01
841,10D01C04S01,GUAYABILLAS 1,10D01C01
842,10D01C04S02,GUAYABILLAS 2,10D01C01
843,10D01C05S01,COMPLEJO DEPORTIVO 1,10D01C01
844,10D01C06S01,LA FLORIDA 1,10D01C01
845,10D01C06S02,LA FLORIDA 2,10D01C01
846,10D01C07S01,AMAZONAS 1,10D01C01
847,10D01C07S02,AMAZONAS 2,10D01C01
848,10D01C08S01,LAS RIELES 1,10D01C01
849,10D01C08S02,LAS RIELES 2,10D01C01
850,10D01C09S01,LAS LOMAS 1,10D01C01
851,10D01C10S01,ESTADIO 1,10D01C01
852,10D01C10S02,ESTADIO 2,10D01C01
853,10D01C11S01,AZAYA 1,10D01C01
854,10D01C12S01,LAS TOTORAS 1,10D01C01
855,10D01C12S02,LAS TOTORAS 2,10D01C01
856,10D01C13S01,EL NOGAL 1,10D01C01
857,10D01C13S02,EL NOGAL 2,10D01C01
858,10D01C14S01,AMBUQUI 1,10D01C01
859,10D01C14S02,AMBUQUI 2,10D01C01
860,10D01C15S01,LA CAROLINA 1,10D01C01
861,10D01C16S01,SALINAS 1,10D01C01
862,10D01C17S01,LITA 1,10D01C01
863,10D01C18S01,GALO PLAZA 1,10D01C01
864,10D01C18S02,GALO PLAZA 2,10D01C01
865,10D01C19S01,PIMAMPIRO 1,10D01C01
866,10D01C20S01,LAS TERMAS 1,10D01C01
867,10D01C20S02,LAS TERMAS 2,10D01C01
868,10D01C21S01,ARRAYANES 1,10D01C01
869,10D01C22S01,BUENOS AIRES 1,10D01C01
870,10D02C01S01,ANDRADE MARIN 1,10D02C01
871,10D02C02S01,TEXTILERO 1,10D02C01
872,10D02C03S01,SAN ROQUE 1,10D02C01
873,10D02C04S01,LOS GUABOS 1,10D02C01
874,10D02C04S02,LOS GUABOS 2,10D02C01
875,10D02C05S01,EL JORDAN 1,10D02C01
876,10D02C06S01,LOS LAGOS 1,10D02C01
877,10D02C06S02,LOS LAGOS 2,10D02C01
878,10D02C07S01,LA MONTAÑA 1,10D02C01
879,10D02C08S01,SAN LUIS 1,10D02C01
880,10D02C09S01,MOJANDA 1,10D02C01
881,10D02C10S01,LA CASCADA 1,10D02C01
882,10D02C10S02,LA CASCADA 2,10D02C01
883,10D02C11S01,GONZALEZ 1,10D02C01
884,10D02C12S01,SAN PABLO 1,10D02C01
885,10D02C13S01,PUERTO LAGO 1,10D02C01
886,10D02C15S01,QUICHINCHE 1,10D02C01
887,10D02C16S01,SELVA ALEGRE 1,10D02C01
888,10D03C01S01,COTACACHI 1,10D03C01
889,10D03C01S02,COTACACHI 2,10D03C01
890,10D03C02S01,QUIROGA 1,10D03C01
891,10D03C03S01,INTAG 1,10D03C01
892,10D03C04S01,LAS TOLAS 1,10D03C01
893,10D03C05S01,IMANTAG 1,10D03C01
894,10D03C06S01,LAS GOLONDRINAS 1,10D03C01
895,11D01C01S01,VILCABAMBA 1,11D01C01
896,11D01C02S01,YANGANA 1,11D01C01
897,11D01C03S01,MALACATOS 1,11D01C01
898,11D01C04S01,TAQUIL 1,11D01C01
899,11D01C04S02,TAQUIL 2,11D01C01
900,11D01C05S01,ZAMORA HUAYCO 1,11D01C01
901,11D01C06S01,ESTEBAN GODOY 1,11D01C01
902,11D01C06S02,ESTEBAN GODOY 2,11D01C01
903,11D01C07S01,EL PARAISO 1,11D01C01
904,11D01C08S01,CELI ROMAN 1,11D01C01
905,11D01C09S01,IV CENTENARIO 1,11D01C01
906,11D01C10S01,TEBAIDA 1,11D01C01
907,11D01C11S01,LOS MOLINOS 1,11D01C01
908,11D01C12S01,CHONTACRUZ 1,11D01C01
909,11D01C12S02,CHONTACRUZ 2,11D01C01
910,11D01C13S01,SAGRARIO 1,11D01C01
911,11D01C14S01,EL VALLE 1,11D01C01
912,11D01C15S01,CLODOVEO JARAMILLO 1,11D01C01
913,11D01C16S01,LA BANDA 1,11D01C01
914,11D01C16S02,LA BANDA 2,11D01C01
915,11D01C17S01,SAUCES NORTE 1,11D01C01
916,11D01C17S02,SAUCES NORTE 2,11D01C01
917,11D01C18S01,LA ARGELIA 1,11D01C01
918,11D01C19S01,CONSACOLA 1,11D01C01
919,11D01C20S01,SAN LUCAS 1,11D01C01
920,11D01C21S01,EL CISNE 1,11D01C01
921,11D01C21S02,EL CISNE 2,11D01C01
922,11D02C01S01,EL TAMBO 1,11D02C01
923,11D02C02S01,CATAMAYO NORTE 1,11D02C01
924,11D02C02S02,CATAMAYO NORTE 2,11D02C01
925,11D02C03S01,CATAMAYO SAN JOSE 1,11D02C01
926,11D02C04S01,GUAYQUICHUMA 1,11D02C01
927,11D02C05S01,SAN PEDRO DE LA BENDITA 1,11D02C01
928,11D02C06S01,CHAGUARPAMBA 1,11D02C01
929,11D02C07S01,BUENAVISTA 1,11D02C01
930,11D02C08S01,OLMEDO 1,11D02C01
931,11D02C09S01,LA TINGUE 1,11D02C01
932,11D03C01S01,CATACOCHA 1,11D03C01
933,11D03C02S01,YAMANA 1,11D03C01
934,11D03C03S01,LAURO GUERRERO 1,11D03C01
935,11D03C04S01,GUACHANAMA 1,11D03C01
936,11D03C05S01,ORIANGA 1,11D03C01
937,11D04C01S01,SABANILLA 1,11D04C01
938,11D04C01S02,SABANILLA 2,11D04C01
939,11D04C02S01,CELICA 1,11D04C01
940,11D04C03S01,EL ARENAL 1,11D04C01
941,11D04C03S02,EL ARENAL 2,11D04C01
942,11D04C04S01,ALAMOR 1,11D04C01
943,11D04C06S01,12 DE DICIEMBRE 1,11D04C01
944,11D04C07S01,PINDAL 1,11D04C01
945,11D05C01S01,JIMBURA 1,11D05C01
946,11D05C02S01,EL INGENIO 1,11D05C01
947,11D05C03S01,AMALUZA 1,11D05C01
948,11D06C01S01,COLAISACA 1,11D06C01
949,11D06C02S01,CARIAMANGA ESTE 1,11D06C01
950,11D06C03S01,CARIAMANGA OESTE 1,11D06C01
951,11D06C04S01,SANGUILLIN 1,11D06C01
952,11D06C05S01,LUCERO 1,11D06C01
953,11D06C06S01,CHANGAIMINA 1,11D06C01
954,11D06C07S01,GONZANAMA 1,11D06C01
955,11D06C08S01,NAMBACOLA 1,11D06C01
956,11D06C08S02,NAMBACOLA 2,11D06C01
957,11D06C09S01,SAN ANTONIO DE LAS ARADAS 1,11D06C01
958,11D07C01S01,MACARA 1,11D07C01
959,11D07C01S02,MACARA 2,11D07C01
960,11D07C02S01,LA VICTORIA 1,11D07C01
961,11D07C03S01,LA RAMA 1,11D07C01
962,11D07C04S01,SOZORANGA 1,11D07C01
963,11D07C05S01,TACAMOROS 1,11D07C01
964,11D08C01S01,URDANETA 1,11D08C01
965,11D08C02S01,SARAGURO 1,11D08C01
966,11D08C03S01,SAN PABLO DE TENTA 1,11D08C01
967,11D08C04S01,SELVA ALEGRE 1,11D08C01
968,11D08C05S01,SUMAYPAMBA 1,11D08C01
969,11D08C06S01,MANU 1,11D08C01
970,11D09C01S01,ZAPOTILLO 1,11D09C01
971,11D09C02S01,PALETILLAS 1,11D09C01
972,11D09C03S01,CAZADEROS 1,11D09C01
973,11D09C04S01,GARZAREAL 1,11D09C01
974,11D09C05S01,LIMONES 1,11D09C01
975,12D01C01S01,SAN JOSE DE JUJAN 1,12D01C01
976,12D01C02S01,PUERTA NEGRA 1,12D01C01
977,12D01C03S01,EL SALTO 1,12D01C01
978,12D01C04S01,BARREIRO 1,12D01C01
979,12D01C05S01,CENTRO 1,12D01C01
980,12D01C05S02,CENTRO 2,12D01C01
981,12D01C06S01,TERMINAL TERRESTRE 1,12D01C01
982,12D01C07S01,SABANA 1,12D01C01
983,12D01C07S02,SABANA 2,12D01C01
984,12D01C08S01,UNIVERSIDAD 1,12D01C01
985,12D01C08S02,UNIVERSIDAD 2,12D01C01
986,12D01C09S01,LA UNION 1,12D01C01
987,12D01C10S01,POSA DE MATE 1,12D01C01
988,12D01C11S01,PIMOCHA 1,12D01C01
989,12D01C11S02,PIMOCHA 2,12D01C01
990,12D01C12S01,MATA DE CACAO 1,12D01C01
991,12D01C12S02,MATA DE CACAO 2,12D01C01
992,12D01C12S03,MATA DE CACAO 3,12D01C01
993,12D01C12S04,MATA DE CACAO 4,12D01C01
994,12D01C13S01,CARACOL 1,12D01C01
995,12D01C14S01,MANTUANO 1,12D01C01
996,12D01C15S01,BABA 1,12D01C01
997,12D01C16S01,ISLA DE BEJUCAL 1,12D01C01
998,12D01C17S01,GUARE DE BABA 1,12D01C01
999,12D01C17S02,GUARE DE BABA 2,12D01C01
1000,12D01C18S01,MONTALVO 1,12D01C01
1001,12D01C19S01,LA ESMERALDA 1,12D01C01
1002,12D01C19S02,LA ESMERALDA 2,12D01C01
1003,12D02C01S01,PUEBLO VIEJO 1,12D02C01
1004,12D02C02S01,SAN JUAN 1,12D02C01
1005,12D02C02S02,SAN JUAN 2,12D02C01
1006,12D02C03S01,PUERTO PECHICHE 1,12D02C01
1007,12D02C04S01,PIJULLO 1,12D02C01
1008,12D02C05S01,RICAURTE 1,12D02C01
1009,12D02C06S01,CATARAMA 1,12D02C01
1010,12D03C01S01,LA ESPERANZA 1,12D03C01
1011,12D03C02S01,CONTROL 1,12D03C01
1012,12D03C02S02,CONTROL 2,12D03C01
1013,12D03C03S01,LA VALDRAMINA 1,12D03C01
1014,12D03C04S01,LA MERCED 1,12D03C01
1015,12D03C04S02,LA MERCED 2,12D03C01
1016,12D03C05S01,GALO PLAZA 1,12D03C01
1017,12D03C05S02,GALO PLAZA 2,12D03C01
1018,12D03C05S03,GALO PLAZA 3,12D03C01
1019,12D03C06S01,DIVINO NIÑO 1,12D03C01
1020,12D03C06S02,DIVINO NIÑO 2,12D03C01
1021,12D03C06S03,DIVINO NIÑO 3,12D03C01
1022,12D03C07S01,7 DE OCTUBRE 1,12D03C01
1023,12D03C07S02,7 DE OCTUBRE 2,12D03C01
1024,12D03C07S03,7 DE OCTUBRE 3,12D03C01
1025,12D03C08S01,GUAYACAN 1,12D03C01
1026,12D03C09S01,SAN CARLOS 1,12D03C01
1027,12D03C10S01,ALEJO LASCANO 1,12D03C01
1028,12D03C11S01,MOCACHE 1,12D03C01
1029,12D03C11S02,MOCACHE 2,12D03C01
1030,12D03C12S01,AGUAS FRIAS 1,12D03C01
1031,12D04C01S01,ZAPOTAL NUEVO 1,12D04C01
1032,12D04C02S01,ZAPOTAL 1,12D04C01
1033,12D04C03S01,LA ERCILIA 1,12D04C01
1034,12D04C04S01,VENTANAS NORTE 1,12D04C01
1035,12D04C05S01,VENTANAS CENTRO 1,12D04C01
1036,12D04C06S01,VENTANAS SUR 1,12D04C01
1037,12D04C07S01,QUINSALOMA 1,12D04C01
1038,12D05C01S01,ANTONIO SOTOMAYOR 1,12D05C01
1039,12D05C02S01,BAGATELA 1,12D05C01
1040,12D05C03S01,SANTA MARTHA 1,12D05C01
1041,12D05C04S01,ABRAS DE MANTEQUILLA 1,12D05C01
1042,12D05C05S01,VINCES NORTE 1,12D05C01
1043,12D05C06S01,VINCES SUR 1,12D05C01
1044,12D05C07S01,AUGUSTO VALENCIA 1,12D05C01
1045,12D05C08S01,VINCES CENTRO 1,12D05C01
1046,12D05C09S01,BALZAR DE VINCES 1,12D05C01
1047,12D05C10S01,JAUNECHE 1,12D05C01
1048,12D05C11S01,PALENQUE 1,12D05C01
1049,12D06C01S01,FUMISA 1,12D06C01
1050,12D06C02S01,LA RESERVA 1,12D06C01
1051,12D06C03S01,BUENA FE OESTE 1,12D06C01
1052,12D06C03S02,BUENA FE OESTE 2,12D06C01
1053,12D06C04S01,BUENA FE ESTE 1,12D06C01
1054,12D06C04S02,BUENA FE ESTE 2,12D06C01
1055,12D06C05S01,PATRICIA PILAR 1,12D06C01
1056,12D06C05S02,PATRICIA PILAR 2,12D06C01
1057,12D06C06S01,EL VERGEL NORTE 1,12D06C01
1058,12D06C07S01,LA NUEVA UNION 1,12D06C01
1059,12D06C08S01,COSTA AZUL 1,12D06C01
1060,12D06C09S01,EL VERGEL SUR 1,12D06C01
1061,12D06C10S01,VALENCIA 1,12D06C01
1062,13D01C01S01,COLON 1,13D01C01
1063,13D01C01S02,COLON 2,13D01C01
1064,13D01C02S01,NUEVO PORTOVIEJO 1,13D01C01
1065,13D01C02S02,NUEVO PORTOVIEJO 2,13D01C01
1066,13D01C03S01,LOS CEREZOS 1,13D01C01
1067,13D01C03S02,LOS CEREZOS 2,13D01C01
1068,13D01C03S03,LOS CEREZOS 3,13D01C01
1069,13D01C04S01,EL FLORON 1,13D01C01
1070,13D01C04S02,EL FLORON 2,13D01C01
1071,13D01C04S03,EL FLORON 3,13D01C01
1072,13D01C04S04,EL FLORON 4,13D01C01
1073,13D01C05S01,SAN PABLO 1,13D01C01
1074,13D01C05S02,SAN PABLO 2,13D01C01
1075,13D01C06S01,PORTOVIEJO 1,13D01C01
1076,13D01C06S02,PORTOVIEJO 2,13D01C01
1077,13D01C06S03,PORTOVIEJO 3,13D01C01
1078,13D01C07S01,PICOAZA 1,13D01C01
1079,13D01C07S02,PICOAZA 2,13D01C01
1080,13D01C08S01,MEJIA 1,13D01C01
1081,13D01C09S01,EL GUABITO 1,13D01C01
1082,13D01C10S01,CRUCITA 1,13D01C01
1083,13D01C11S01,ALAJUELA 1,13D01C01
1084,13D01C11S02,ALAJUELA 2,13D01C01
1085,13D01C12S01,PUEBLO NUEVO 1,13D01C01
1086,13D01C12S02,PUEBLO NUEVO 2,13D01C01
1087,13D01C13S01,ABDON CALDERON 1,13D01C01
1088,13D01C14S01,SAN PLACIDO 1,13D01C01
1089,13D02C01S01,LOS ESTEROS 1,13D02C01
1090,13D02C01S02,LOS ESTEROS 2,13D02C01
1091,13D02C01S03,LOS ESTEROS 3,13D02C01
1092,13D02C02S01,LA PRADERA 1,13D02C01
1093,13D02C02S02,LA PRADERA 2,13D02C01
1094,13D02C02S03,LA PRADERA 3,13D02C01
1095,13D02C03S01,RIO DE CAÑA 1,13D02C01
1096,13D02C04S01,TARQUI 1,13D02C01
1097,13D02C04S02,TARQUI 2,13D02C01
1098,13D02C04S03,TARQUI 3,13D02C01
1099,13D02C05S01,UNIVERSIDAD 1,13D02C01
1100,13D02C05S02,UNIVERSIDAD 2,13D02C01
1101,13D02C05S03,UNIVERSIDAD 3,13D02C01
1102,13D02C06S01,MURCIELAGO 1,13D02C01
1103,13D02C06S02,MURCIELAGO 2,13D02C01
1104,13D02C07S01,CENTRO 1,13D02C01
1105,13D02C07S02,CENTRO 2,13D02C01
1106,13D02C08S01,MARIA AUXILIADORA 1,13D02C01
1107,13D02C08S02,MARIA AUXILIADORA 2,13D02C01
1108,13D02C08S03,MARIA AUXILIADORA 3,13D02C01
1109,13D02C09S01,MIRAFLORES 1,13D02C01
1110,13D02C09S02,MIRAFLORES 2,13D02C01
1111,13D02C10S01,CUBA 1,13D02C01
1112,13D02C10S02,CUBA 2,13D02C01
1113,13D02C10S03,CUBA 3,13D02C01
1114,13D02C10S04,CUBA 4,13D02C01
1115,13D02C11S01,SAN JUAN 1,13D02C01
1116,13D02C12S01,SAN MATEO 1,13D02C01
1117,13D02C13S01,SAN LORENZO 1,13D02C01
1118,13D02C14S01,LA PILA 1,13D02C01
1119,13D02C15S01,LOS BAJOS 1,13D02C01
1120,13D02C16S01,LEONIDAS PROAÐO 1,13D02C01
1121,13D02C17S01,LA FABRIL 1,13D02C01
1122,13D02C17S02,LA FABRIL 2,13D02C01
1123,13D02C18S01,LA SEQUITA 1,13D02C01
1124,13D02C19S01,MONTECRISTI 1,13D02C01
1125,13D02C19S02,MONTECRISTI 2,13D02C01
1126,13D02C20S01,JARAMIJO 1,13D02C01
1127,13D02C20S02,JARAMIJO 2,13D02C01
1128,13D03C01S01,SANCAN 1,13D03C01
1129,13D03C02S01,SAN VICENTE 1,13D03C01
1130,13D03C02S02,SAN VICENTE 2,13D03C01
1131,13D03C03S01,PARQUE CENTRAL 1,13D03C01
1132,13D03C04S01,JIPIJAPA 1,13D03C01
1133,13D03C05S01,3 DE MAYO 1,13D03C01
1134,13D03C06S01,LA AMERICA 1,13D03C01
1135,13D03C07S01,JULCUY 1,13D03C01
1136,13D03C09S01,PUERTO CAYO 1,13D03C01
1137,13D03C10S01,PEDRO PABLO GOMEZ 1,13D03C01
1138,13D03C11S01,PUERTO LOPEZ 1,13D03C01
1139,13D04C01S01,LODANA 1,13D04C01
1140,13D04C02S01,SANTA ANA DE VUELTA LARGA 1,13D04C01
1141,13D04C03S01,SANTA ANA 1,13D04C01
1142,13D04C04S01,CHAMUCAME 1,13D04C01
1143,13D04C05S01,AYACUCHO 1,13D04C01
1144,13D04C06S01,HONORATO VASQUEZ 1,13D04C01
1145,13D04C07S01,LA UNION 1,13D04C01
1146,13D04C08S01,SAN PABLO DE PUEBLO NUEVO 1,13D04C01
1147,13D04C09S01,SIXTO DURAN BALLEN 1,13D04C01
1148,13D04C10S01,NOBOA 1,13D04C01
1149,13D04C11S01,24 DE MAYO 1,13D04C01
1150,13D04C12S01,BELLAVISTA 1,13D04C01
1151,13D04C13S01,OLMEDO 1,13D04C01
1152,13D04C14S01,SAN ROQUE 1,13D04C01
1153,13D05C01S01,LA BRAMADORA 1,13D05C01
1154,13D05C02S01,EL CHAPARRAL 1,13D05C01
1155,13D05C03S01,EL CARMEN 1,13D05C01
1156,13D05C03S02,EL CARMEN 2,13D05C01
1157,13D05C03S03,EL CARMEN 3,13D05C01
1158,13D05C04S01,EL PORVENIR 1,13D05C01
1159,13D05C05S01,EL PARAISO LA CATORCE 1,13D05C01
1160,13D05C06S01,SAN PEDRO DE SUMA 1,13D05C01
1161,13D05C06S02,SAN PEDRO DE SUMA 2,13D05C01
1162,13D05C07S01,WILFRIDO LOOR MOREIRA 1,13D05C01
1163,13D05C08S01,MANGA DEL CURA NORTE 1,13D05C01
1164,13D05C09S01,MANGA DEL CURA SUR 1,13D05C01
1165,13D06C01S01,CALCETA CENTRO 1,13D06C01
1166,13D06C02S01,CALCETA SUR 1,13D06C01
1167,13D06C03S01,TABLADO DEL TIGRE 1,13D06C01
1168,13D06C04S01,QUIROGA 1,13D06C01
1169,13D06C05S01,MEMBRILLO 1,13D06C01
1170,13D06C06S01,JUNIN NORTE 1,13D06C01
1171,13D06C07S01,JUNIN SUR 1,13D06C01
1172,13D07C01S01,BEJUCO 1,13D07C01
1173,13D07C01S02,BEJUCO 2,13D07C01
1174,13D07C02S01,RANCHO VIEJO 1,13D07C01
1175,13D07C03S01,SAN ANDRES 1,13D07C01
1176,13D07C04S01,CENTRO 1,13D07C01
1177,13D07C05S01,SANTA RITA 1,13D07C01
1178,13D07C06S01,TRES PUERTOS 1,13D07C01
1179,13D07C07S01,CONVENTO 1,13D07C01
1180,13D07C08S01,ELOY ALFARO 1,13D07C01
1181,13D07C09S01,BOYACA 1,13D07C01
1182,13D07C10S01,RICAURTE 1,13D07C01
1183,13D07C11S01,SAN ANTONIO 1,13D07C01
1184,13D07C11S02,SAN ANTONIO 2,13D07C01
1185,13D07C12S01,CANUTO 1,13D07C01
1186,13D07C13S01,BEJUQUILLO 1,13D07C01
1187,13D07C14S01,CHIBUNGA 1,13D07C01
1188,13D07C15S01,FLAVIO ALFARO 1,13D07C01
1189,13D07C16S01,PALALACHE 1,13D07C01
1190,13D07C17S01,PALANQUITA 1,13D07C01
1191,13D07C18S01,SAN FRANCISCO DE NOVILLO 1,13D07C01
1192,13D07C19S01,ZAPALLO 1,13D07C01
1193,13D08C01S01,SANTA ROSA 1,13D08C01
1194,13D08C02S01,EL DESVIO 1,13D08C01
1195,13D08C03S01,PICHINCHA 1,13D08C01
1196,13D08C03S02,PICHINCHA 2,13D08C01
1197,13D08C04S01,SAN SEBASTIAN 1,13D08C01
1198,13D08C05S01,BARRAGANETE 1,13D08C01
1199,13D08C06S01,RIO VENDIDO 1,13D08C01
1200,13D09C01S01,MONUMENTOS 1,13D09C01
1201,13D09C02S01,CAMPOZANO 1,13D09C01
1202,13D09C03S01,TIERRAS AMARILLAS 1,13D09C01
1203,13D09C04S01,LASCANO 1,13D09C01
1204,13D09C05S01,GUALE 1,13D09C01
1205,13D09C06S01,CASCOL 1,13D09C01
1206,13D10C01S01,ACHIOTE 1,13D10C01
1207,13D10C02S01,PEDERNALES SUR 1,13D10C01
1208,13D10C03S01,PEDERNALES NORTE 1,13D10C01
1209,13D10C04S01,BECHE 1,13D10C01
1210,13D10C05S01,COJIMIES 1,13D10C01
1211,13D10C06S01,10 DE AGOSTO 1,13D10C01
1212,13D10C07S01,ATAHUALPA 1,13D10C01
1213,13D10C08S01,JAMA 1,13D10C01
1214,13D10C09S01,BOCA DE BIGUA 1,13D10C01
1215,13D11C01S01,BAHIA 1,13D11C01
1216,13D11C01S02,BAHIA 2,13D11C01
1217,13D11C02S01,LAS CORONAS 1,13D11C01
1218,13D11C03S01,CHARAPOTO 1,13D11C01
1219,13D11C03S02,CHARAPOTO 2,13D11C01
1220,13D11C04S01,SAN ISIDRO 1,13D11C01
1221,13D11C05S01,SAN VICENTE 1,13D11C01
1222,13D11C05S02,SAN VICENTE 2,13D11C01
1223,13D11C06S01,CANOA 1,13D11C01
1224,13D12C01S01,ROCAFUERTE 1,13D12C01
1225,13D12C01S02,ROCAFUERTE 2,13D12C01
1226,13D12C02S01,DANZARIN 1,13D12C01
1227,13D12C03S01,LA FLORIDA 1,13D12C01
1228,13D12C04S01,JUNCO 1,13D12C01
1229,13D12C05S01,BACHILLERO 1,13D12C01
1230,13D12C05S02,BACHILLERO 2,13D12C01
1231,14D01C01S01,GENERAL PROAÑO 1,14D01C01
1232,14D01C02S01,SINAI 1,14D01C01
1233,14D01C03S01,RIO BLANCO 1,14D01C01
1234,14D01C04S01,9 DE OCTUBRE 1,14D01C01
1235,14D01C05S01,MACAS 1,14D01C01
1236,14D01C05S02,MACAS 2,14D01C01
1237,14D01C06S01,SEVILLA DON BOSCO 1,14D01C01
1238,14D01C06S02,SEVILLA DON BOSCO 2,14D01C01
1239,14D01C07S01,CUCHAENTZA 1,14D01C01
1240,14D02C01S01,PALORA 1,14D02C01
1241,14D02C02S01,SANGAY CENTRO 1,14D02C01
1242,14D02C03S01,HUAMBOYA 1,14D02C01
1243,14D02C04S01,PABLO SEXTO 1,14D02C01
1244,14D03C01S01,HUAMBI 1,14D03C01
1245,14D03C02S01,SUCUA 1,14D03C01
1246,14D03C03S01,LOGROÑO 1,14D03C01
1247,14D04C01S01,EL ROSARIO 1,14D04C01
1248,14D04C02S01,AMAZONAS 1,14D04C01
1249,14D04C04S01,BOMBOIZA 1,14D04C01
1250,14D04C05S01,GUALAQUIZA 1,14D04C01
1251,14D04C05S02,GUALAQUIZA 2,14D04C01
1252,14D04C06S01,SAN JUAN BOSCO 1,14D04C01
1253,14D04C07S01,PANANZA 1,14D04C01
1254,14D05C01S01,MACUMA 1,14D05C01
1255,14D05C02S01,TAISHA CENTRO 1,14D05C01
1256,14D05C03S01,FRONTERA 1,14D05C01
1257,14D06C01S01,INDANZA 1,14D06C01
1258,14D06C02S01,LIMON 1,14D06C01
1259,14D06C03S01,YUNGANZA 1,14D06C01
1260,14D06C04S01,PATUCA 1,14D06C01
1261,14D06C05S01,SANTIAGO DE MENDEZ 1,14D06C01
1262,14D06C06S01,TWINTZA 1,14D06C01
1263,15D01C01S01,ARCHIDONA 1,15D01C01
1264,15D01C02S01,KM 24 1,15D01C01
1265,15D01C03S01,AROSEMENA TOLA 1,15D01C01
1266,15D01C04S01,AEROPUERTO 1,15D01C01
1267,15D01C04S02,AEROPUERTO 2,15D01C01
1268,15D01C05S01,PALANDACOCHA 1,15D01C01
1269,15D01C05S02,PALANDACOCHA 2,15D01C01
1270,15D01C06S01,TALAG 1,15D01C01
1271,15D01C07S01,MISAHUALLI 1,15D01C01
1272,15D01C07S02,MISAHUALLI 2,15D01C01
1273,15D01C08S01,YURALPA 1,15D01C01
1274,15D01C09S01,AHUANO 1,15D01C01
1275,15D02C01S01,EL CHACO 1,15D02C01
1276,15D02C02S01,LINARES 1,15D02C01
1277,15D02C03S01,SANTA ROSA 1,15D02C01
1278,15D02C04S01,OYACACHI 1,15D02C01
1279,15D02C05S01,SAN FRANCISCO DE BORJA 1,15D02C01
1280,15D02C05S02,SAN FRANCISCO DE BORJA 2,15D02C01
1281,15D02C06S01,PAPALLACTA 1,15D02C01
1282,16D01C01S01,PUYO SUR 1,16D01C01
1283,16D01C01S02,PUYO SUR 2,16D01C01
1284,16D01C01S03,PUYO SUR 3,16D01C01
1285,16D01C02S01,PUYO NORTE 1,16D01C01
1286,16D01C02S02,PUYO NORTE 2,16D01C01
1287,16D01C03S01,CANELOS 1,16D01C01
1288,16D01C03S02,CANELOS 2,16D01C01
1289,16D01C04S01,SARAYACU 1,16D01C01
1290,16D01C05S01,10 DE AGOSTO 1,16D01C01
1291,16D01C06S01,TARQUI 1,16D01C01
1292,16D01C07S01,FATIMA 1,16D01C01
1293,16D01C09S01,RIO TIGRE 1,16D01C01
1294,16D01C10S01,MONTALVO 1,16D01C01
1295,16D01C11S01,SHELL MERA 1,16D01C01
1296,16D01C11S02,SHELL MERA 2,16D01C01
1297,16D01C12S01,SANTA CLARA 1,16D01C01
1298,16D02C01S01,ARAJUNO POBLADO 1,16D02C01
1299,16D02C02S01,ARAJUNO SELVA 1,16D02C01
1300,17D01C01S01,PACTO 1,17D01C01
1301,17D01C01S02,PACTO 2,17D01C01
1302,17D01C02S01,GUALEA 1,17D01C01
1303,17D01C03S01,NANEGAL 1,17D01C01
1304,17D01C04S01,NANEGALITO 1,17D01C01
1305,17D02C01S01,LOS LLANOS 1,17D02C01
1306,17D02C01S02,LOS LLANOS 2,17D02C01
1307,17D02C02S01,CALDERON 1,17D02C01
1308,17D02C02S02,CALDERON 2,17D02C01
1309,17D02C02S03,CALDERON 3,17D02C01
1310,17D02C02S04,CALDERON 4,17D02C01
1311,17D02C03S01,SAN JUAN DE CALDERON 1,17D02C01
1312,17D02C03S02,SAN JUAN DE CALDERON 2,17D02C01
1313,17D02C04S01,BELLAVISTA DE CALDERON 1,17D02C01
1314,17D02C05S01,LADERAS DE SAN FRANCISCO 1,17D02C01
1315,17D02C06S01,OYACOTO 1,17D02C01
1316,17D02C07S01,CARAPUNGO 1,17D02C01
1317,17D02C07S02,CARAPUNGO 2,17D02C01
1318,17D02C07S03,CARAPUNGO 3,17D02C01
1319,17D02C08S01,BICENTENARIO 1,17D02C01
1320,17D02C08S02,BICENTENARIO 2,17D02C01
1321,17D02C09S01,LLANO CHICO 1,17D02C01
1322,17D02C10S01,GUAYLLABAMBA 1,17D02C01
1323,17D02C10S02,GUAYLLABAMBA 2,17D02C01
1324,17D03C01S01,PUELLARO 1,17D03C01
1325,17D03C02S02,PERUCHO 2,17D03C01
1326,17D03C02S03,PERUCHO 3,17D03C01
1327,17D03C03S01,SAN JOSE DE MINAS OCCIDENTE 1,17D03C01
1328,17D03C04S01,SAN JOSE DE MINAS ORIENTE 1,17D03C01
1329,17D03C05S01,LA ROLDOS 1,17D03C01
1330,17D03C05S02,LA ROLDOS 2,17D03C01
1331,17D03C05S03,LA ROLDOS 3,17D03C01
1332,17D03C05S04,LA ROLDOS 4,17D03C01
1333,17D03C06S01,COLINAS DEL NORTE 1,17D03C01
1334,17D03C06S02,COLINAS DEL NORTE 2,17D03C01
1335,17D03C06S03,COLINAS DEL NORTE 3,17D03C01
1336,17D03C07S01,MENA DEL HIERRO 1,17D03C01
1337,17D03C08S01,EL CONDADO 1,17D03C01
1338,17D03C08S02,EL CONDADO 2,17D03C01
1339,17D03C08S03,EL CONDADO 3,17D03C01
1340,17D03C09S01,PONCIANO 1,17D03C01
1341,17D03C09S02,PONCIANO 2,17D03C01
1342,17D03C09S03,PONCIANO 3,17D03C01
1343,17D03C10S01,SAN ANTONIO BAJO 1,17D03C01
1344,17D03C11S01,SAN ANTONIO ALTO 1,17D03C01
1345,17D03C12S01,NONO 1,17D03C01
1346,17D03C13S01,COTOCOLLAO 1,17D03C01
1347,17D03C13S02,COTOCOLLAO 2,17D03C01
1348,17D03C13S03,COTOCOLLAO 3,17D03C01
1349,17D03C13S04,COTOCOLLAO 4,17D03C01
1350,17D03C14S01,POMASQUI 1,17D03C01
1351,17D03C14S02,POMASQUI 2,17D03C01
1352,17D03C14S03,POMASQUI 3,17D03C01
1353,17D03C15S01,LA PAMPA 1,17D03C01
1354,17D03C16S01,CALACALI 1,17D03C01
1355,17D03C17S01,CARCELEN 1,17D03C01
1356,17D03C17S02,CARCELEN 2,17D03C01
1357,17D03C17S03,CARCELEN 3,17D03C01
1358,17D03C17S04,CARCELEN 4,17D03C01
1359,17D03C17S05,CARCELEN 5,17D03C01
1360,17D03C18S01,LA BOTA 1,17D03C01
1361,17D03C18S02,LA BOTA 2,17D03C01
1362,17D03C19S01,EL MIRADOR 1,17D03C01
1363,17D03C19S02,EL MIRADOR 2,17D03C01
1364,17D03C19S03,EL MIRADOR 3,17D03C01
1365,17D04C01S01,MONJAS COLLACOTO 1,17D04C01
1366,17D04C01S02,MONJAS COLLACOTO 2,17D04C01
1367,17D04C01S03,MONJAS COLLACOTO 3,17D04C01
1368,17D04C01S04,MONJAS COLLACOTO 4,17D04C01
1369,17D04C02S01,PUENGASI 1,17D04C01
1370,17D04C02S02,PUENGASI 2,17D04C01
1371,17D04C02S03,PUENGASI 3,17D04C01
1372,17D04C02S04,PUENGASI 4,17D04C01
1373,17D04C03S01,CENTRO HISTORICO 1,17D04C01
1374,17D04C03S02,CENTRO HISTORICO 2,17D04C01
1375,17D04C03S03,CENTRO HISTORICO 3,17D04C01
1376,17D04C03S04,CENTRO HISTORICO 4,17D04C01
1377,17D04C03S05,CENTRO HISTORICO 5,17D04C01
1378,17D04C04S01,PANECILLO 1,17D04C01
1379,17D04C04S02,PANECILLO 2,17D04C01
1380,17D04C04S03,PANECILLO 3,17D04C01
1381,17D04C04S04,PANECILLO 4,17D04C01
1382,17D04C04S05,PANECILLO 5,17D04C01
1383,17D04C05S01,EL PLACER 1,17D04C01
1384,17D04C05S02,EL PLACER 2,17D04C01
1385,17D04C05S03,EL PLACER 3,17D04C01
1386,17D04C06S01,SAN JUAN 1,17D04C01
1387,17D04C06S02,SAN JUAN 2,17D04C01
1388,17D04C06S03,SAN JUAN 3,17D04C01
1389,17D04C06S04,SAN JUAN 4,17D04C01
1390,17D04C07S01,LA LIBERTAD 1,17D04C01
1391,17D04C07S02,LA LIBERTAD 2,17D04C01
1392,17D04C07S03,LA LIBERTAD 3,17D04C01
1393,17D04C08S01,ITCHIMBIA 1,17D04C01
1394,17D04C08S02,ITCHIMBIA 2,17D04C01
1395,17D04C08S03,ITCHIMBIA 3,17D04C01
1396,17D04C08S04,ITCHIMBIA 4,17D04C01
1397,17D05C01S01,AEROPUERTO 1,17D05C01
1398,17D05C01S02,AEROPUERTO 2,17D05C01
1399,17D05C01S03,AEROPUERTO 3,17D05C01
1400,17D05C01S04,AEROPUERTO 4,17D05C01
1401,17D05C02S01,LA MARISCAL 1,17D05C01
1402,17D05C02S02,LA MARISCAL 2,17D05C01
1403,17D05C02S03,LA MARISCAL 3,17D05C01
1404,17D05C02S04,LA MARISCAL 4,17D05C01
1405,17D05C02S05,LA MARISCAL 5,17D05C01
1406,17D05C02S06,LA MARISCAL 6,17D05C01
1407,17D05C02S07,LA MARISCAL 7,17D05C01
1408,17D05C03S01,LAS CASAS 1,17D05C01
1409,17D05C03S02,LAS CASAS 2,17D05C01
1410,17D05C04S01,UNIVERSITARIO 1,17D05C01
1411,17D05C04S02,UNIVERSITARIO 2,17D05C01
1412,17D05C04S03,UNIVERSITARIO 3,17D05C01
1413,17D05C05S01,SAN ISIDRO DEL INCA 1,17D05C01
1414,17D05C05S02,SAN ISIDRO DEL INCA 2,17D05C01
1415,17D05C05S03,SAN ISIDRO DEL INCA 3,17D05C01
1416,17D05C05S04,SAN ISIDRO DEL INCA 4,17D05C01
1417,17D05C06S01,EL BOSQUE 1,17D05C01
1418,17D05C06S02,EL BOSQUE 2,17D05C01
1419,17D05C06S03,EL BOSQUE 3,17D05C01
1420,17D05C06S04,EL BOSQUE 4,17D05C01
1421,17D05C06S05,EL BOSQUE 5,17D05C01
1422,17D05C07S01,DAMMER 1,17D05C01
1423,17D05C07S02,DAMMER 2,17D05C01
1424,17D05C08S01,KENNEDY 1,17D05C01
1425,17D05C08S02,KENNEDY 2,17D05C01
1426,17D05C08S03,KENNEDY 3,17D05C01
1427,17D05C08S04,KENNEDY 4,17D05C01
1428,17D05C08S05,KENNEDY 5,17D05C01
1429,17D05C09S01,NAYON 1,17D05C01
1430,17D05C09S02,NAYON 2,17D05C01
1431,17D05C10S01,IÑAQUITO 1,17D05C01
1432,17D05C10S02,IÑAQUITO 2,17D05C01
1433,17D05C10S03,IÑAQUITO 3,17D05C01
1434,17D05C10S04,IÑAQUITO 4,17D05C01
1435,17D05C10S05,IÑAQUITO 5,17D05C01
1436,17D05C10S06,IÑAQUITO 6,17D05C01
1437,17D05C11S01,COCHAPAMBA 1,17D05C01
1438,17D05C11S02,COCHAPAMBA 2,17D05C01
1439,17D05C11S03,COCHAPAMBA 3,17D05C01
1440,17D05C11S04,COCHAPAMBA 4,17D05C01
1441,17D05C11S05,COCHAPAMBA 5,17D05C01
1442,17D05C12S01,JIPIJAPA 1,17D05C01
1443,17D05C12S02,JIPIJAPA 2,17D05C01
1444,17D05C12S03,JIPIJAPA 3,17D05C01
1445,17D05C12S04,JIPIJAPA 4,17D05C01
1446,17D05C13S01,ZAMBIZA 1,17D05C01
1447,17D06C01S01,CHILIBULO 1,17D06C01
1448,17D06C01S02,CHILIBULO 2,17D06C01
1449,17D06C01S03,CHILIBULO 3,17D06C01
1450,17D06C01S04,CHILIBULO 4,17D06C01
1451,17D06C01S05,CHILIBULO 5,17D06C01
1452,17D06C01S06,CHILIBULO 6,17D06C01
1453,17D06C02S01,EL CALZADO 1,17D06C01
1454,17D06C02S02,EL CALZADO 2,17D06C01
1455,17D06C02S03,EL CALZADO 3,17D06C01
1456,17D06C03S01,SANTA ANITA 1,17D06C01
1457,17D06C03S02,SANTA ANITA 2,17D06C01
1458,17D06C03S03,SANTA ANITA 3,17D06C01
1459,17D06C04S01,CHIMBACALLE 1,17D06C01
1460,17D06C04S02,CHIMBACALLE 2,17D06C01
1461,17D06C04S03,CHIMBACALLE 3,17D06C01
1462,17D06C04S04,CHIMBACALLE 4,17D06C01
1463,17D06C05S01,ARGELIA 1,17D06C01
1464,17D06C05S02,ARGELIA 2,17D06C01
1465,17D06C05S03,ARGELIA 3,17D06C01
1466,17D06C05S04,ARGELIA 4,17D06C01
1467,17D06C05S05,ARGELIA 5,17D06C01
1468,17D06C05S06,ARGELIA 6,17D06C01
1469,17D06C05S07,ARGELIA 7,17D06C01
1470,17D06C05S08,ARGELIA 8,17D06C01
1471,17D06C06S01,SOLANDA 1,17D06C01
1472,17D06C06S02,SOLANDA 2,17D06C01
1473,17D06C06S03,SOLANDA 3,17D06C01
1474,17D06C06S04,SOLANDA 4,17D06C01
1475,17D06C07S01,BARRIO NUEVO 1,17D06C01
1476,17D06C07S02,BARRIO NUEVO 2,17D06C01
1477,17D06C07S03,BARRIO NUEVO 3,17D06C01
1478,17D06C08S01,MENA 1,17D06C01
1479,17D06C08S02,MENA 2,17D06C01
1480,17D06C08S03,MENA 3,17D06C01
1481,17D06C08S04,MENA 4,17D06C01
1482,17D06C08S05,MENA 5,17D06C01
1483,17D06C09S01,LLOA 1,17D06C01
1484,17D06C10S01,MAGDALENA 1,17D06C01
1485,17D06C10S02,MAGDALENA 2,17D06C01
1486,17D06C10S03,MAGDALENA 3,17D06C01
1487,17D06C10S04,MAGDALENA 4,17D06C01
1488,17D06C11S01,FERROVIARIA 1,17D06C01
1489,17D06C11S02,FERROVIARIA 2,17D06C01
1490,17D06C11S03,FERROVIARIA 3,17D06C01
1491,17D06C11S04,FERROVIARIA 4,17D06C01
1492,17D06C11S05,FERROVIARIA 5,17D06C01
1493,17D06C11S06,FERROVIARIA 6,17D06C01
1494,17D07C01S01,CHILLOGALLO 1,17D07C01
1495,17D07C01S02,CHILLOGALLO 2,17D07C01
1496,17D07C01S03,CHILLOGALLO 3,17D07C01
1497,17D07C01S04,CHILLOGALLO 4,17D07C01
1498,17D07C01S05,CHILLOGALLO 5,17D07C01
1499,17D07C01S06,CHILLOGALLO 6,17D07C01
1500,17D07C02S01,GUAMANI 1,17D07C01
1501,17D07C02S02,GUAMANI 2,17D07C01
1502,17D07C02S03,GUAMANI 3,17D07C01
1503,17D07C02S04,GUAMANI 4,17D07C01
1504,17D07C02S05,GUAMANI 5,17D07C01
1505,17D07C03S01,LAS CUADRAS 1,17D07C01
1506,17D07C03S02,LAS CUADRAS 2,17D07C01
1507,17D07C03S03,LAS CUADRAS 3,17D07C01
1508,17D07C04S01,QUITUMBE 1,17D07C01
1509,17D07C04S02,QUITUMBE 2,17D07C01
1510,17D07C04S03,QUITUMBE 3,17D07C01
1511,17D07C04S04,QUITUMBE 4,17D07C01
1512,17D07C05S01,TURUBAMBA 1,17D07C01
1513,17D07C05S02,TURUBAMBA 2,17D07C01
1514,17D07C05S03,TURUBAMBA 3,17D07C01
1515,17D07C05S04,TURUBAMBA 4,17D07C01
1516,17D07C05S05,TURUBAMBA 5,17D07C01
1517,17D07C05S06,TURUBAMBA 6,17D07C01
1518,17D07C06S01,ECUATORIANA 1,17D07C01
1519,17D07C06S02,ECUATORIANA 2,17D07C01
1520,17D07C06S03,ECUATORIANA 3,17D07C01
1521,17D07C06S04,ECUATORIANA 4,17D07C01
1522,17D08C01S01,CONOCOTO NORTE 1,17D08C01
1523,17D08C01S02,CONOCOTO NORTE 2,17D08C01
1524,17D08C01S03,CONOCOTO NORTE 3,17D08C01
1525,17D08C01S04,CONOCOTO NORTE 4,17D08C01
1526,17D08C01S05,CONOCOTO NORTE 5,17D08C01
1527,17D08C02S01,CONOCOTO SUR 1,17D08C01
1528,17D08C02S02,CONOCOTO SUR 2,17D08C01
1529,17D08C03S01,SANTA ROSA 1,17D08C01
1530,17D08C04S01,PINTAG 1,17D08C01
1531,17D08C04S02,PINTAG 2,17D08C01
1532,17D08C05S01,SANTA ISABEL 1,17D08C01
1533,17D08C06S01,AMAGUAÑA CENTRO 1,17D08C01
1534,17D08C07S01,EL EJIDO 1,17D08C01
1535,17D08C08S01,ALANGASI 1,17D08C01
1536,17D08C08S02,ALANGASI 2,17D08C01
1537,17D08C09S01,GUANGOPOLO 1,17D08C01
1538,17D08C10S01,LA MERCED 1,17D08C01
1539,17D09C01S01,TUMBACO 1,17D09C01
1540,17D09C01S02,TUMBACO 2,17D09C01
1541,17D09C02S01,TUMBACO SUR 1,17D09C01
1542,17D09C02S02,TUMBACO SUR 2,17D09C01
1543,17D09C03S01,VIA LACTEA 1,17D09C01
1544,17D09C04S01,CUMBAYA SUR 1,17D09C01
1545,17D09C04S02,CUMBAYA SUR 2,17D09C01
1546,17D09C04S03,CUMBAYA SUR 3,17D09C01
1547,17D09C05S01,PIFO 1,17D09C01
1548,17D09C05S02,PIFO 2,17D09C01
1549,17D09C06S01,TABLON 1,17D09C01
1550,17D09C07S01,YARUQUI 1,17D09C01
1551,17D09C07S02,YARUQUI 2,17D09C01
1552,17D09C08S01,QUINCHE 1,17D09C01
1553,17D09C08S02,QUINCHE 2,17D09C01
1554,17D09C09S01,PUEMBO 1,17D09C01
1555,17D09C10S01,CHECA 1,17D09C01
1556,17D09C11S01,TABABELA 1,17D09C01
1557,17D10C01S01,EL PRADO 1,17D10C01
1558,17D10C02S01,CAYAMBE NORTE 1,17D10C01
1559,17D10C02S02,CAYAMBE NORTE 2,17D10C01
1560,17D10C02S03,CAYAMBE NORTE 3,17D10C01
1561,17D10C03S01,CAYAMBE SUR 1,17D10C01
1562,17D10C03S02,CAYAMBE SUR 2,17D10C01
1563,17D10C04S01,CANGAGUA 1,17D10C01
1564,17D10C05S01,CUSUBAMBA 1,17D10C01
1565,17D10C05S02,CUSUBAMBA 2,17D10C01
1566,17D10C06S01,OLMEDO 1,17D10C01
1567,17D10C07S01,TABACUNDO 1,17D10C01
1568,17D10C07S02,TABACUNDO 2,17D10C01
1569,17D10C08S01,MALCHINGUI 1,17D10C01
1570,17D10C08S02,MALCHINGUI 2,17D10C01
1571,17D11C01S01,MACHACHI SUR 1,17D11C01
1572,17D11C02S01,MACHACHI NORTE 1,17D11C01
1573,17D11C02S02,MACHACHI NORTE 2,17D11C01
1574,17D11C03S01,CUTUGLAGUA 1,17D11C01
1575,17D11C03S02,CUTUGLAGUA 2,17D11C01
1576,17D11C04S01,PASOCHOA 1,17D11C01
1577,17D11C04S02,PASOCHOA 2,17D11C01
1578,17D11C05S01,ALOAG 1,17D11C01
1579,17D11C06S01,TANDAPI 1,17D11C01
1580,17D11C07S01,ILINIZAS 1,17D11C01
1581,17D11C07S02,ILINIZAS 2,17D11C01
1582,17D11C08S01,RURAL 1,17D11C01
1583,17D11C08S02,RURAL 2,17D11C01
1584,17D11C09S01,MOLINUCO 1,17D11C01
1585,17D11C09S02,MOLINUCO 2,17D11C01
1586,17D11C10S01,RUMIÑAHUI 1,17D11C01
1587,17D11C10S02,RUMIÑAHUI 2,17D11C01
1588,17D11C11S01,SAN RAFAEL 1,17D11C01
1589,17D11C11S02,SAN RAFAEL 2,17D11C01
1590,17D11C12S01,SANGOLQUI 1,17D11C01
1591,17D11C12S02,SANGOLQUI 2,17D11C01
1592,17D11C12S03,SANGOLQUI 3,17D11C01
1593,17D11C13S01,FAJARDO 1,17D11C01
1594,17D11C13S02,FAJARDO 2,17D11C01
1595,17D12C01S01,MALDONADO 1,17D12C01
1596,17D12C01S02,MALDONADO 2,17D12C01
1597,17D12C01S03,MALDONADO 3,17D12C01
1598,17D12C02S01,PUERTO QUITO NORTE 1,17D12C01
1599,17D12C02S02,PUERTO QUITO NORTE 2,17D12C01
1600,17D12C03S01,PUERTO QUITO SUR 1,17D12C01
1601,17D12C03S02,PUERTO QUITO SUR 2,17D12C01
1602,17D12C04S01,LOS BANCOS 1,17D12C01
1603,17D12C04S02,LOS BANCOS 2,17D12C01
1604,17D12C04S03,LOS BANCOS 3,17D12C01
1605,17D12C04S04,LOS BANCOS 4,17D12C01
1606,18D01C01S01,MIRAFLORES 1,18D01C01
1607,18D01C02S01,JARDIN AMBATEÐO 1,18D01C01
1608,18D01C03S01,LA MATRIZ  1,18D01C01
1609,18D01C03S02,LA MATRIZ  2,18D01C01
1610,18D01C04S01,ATOCHA FICOA 1,18D01C01
1611,18D01C04S02,ATOCHA FICOA 2,18D01C01
1612,18D01C05S01,LA VICTORIA 1,18D01C01
1613,18D01C05S02,LA VICTORIA 2,18D01C01
1614,18D01C06S01,INGAURCO 1,18D01C01
1615,18D01C07S01,PASA 1,18D01C01
1616,18D01C08S01,SAN BARTOLOME DE PINLLO 1,18D01C01
1617,18D01C08S02,SAN BARTOLOME DE PINLLO 2,18D01C01
1618,18D01C09S01,QUISAPINCHA 1,18D01C01
1619,18D01C10S01,ATAHUALPA 1,18D01C01
1620,18D01C10S02,ATAHUALPA 2,18D01C01
1621,18D01C11S01,CUNCHIBAMBA 1,18D01C01
1622,18D01C11S02,CUNCHIBAMBA 2,18D01C01
1623,18D01C12S01,IZAMBA 1,18D01C01
1624,18D02C01S01,HUACHI EL BELEN 1,18D02C01
1625,18D02C01S02,HUACHI EL BELEN 2,18D02C01
1626,18D02C02S01,LETAMENDI 1,18D02C01
1627,18D02C02S02,LETAMENDI 2,18D02C01
1628,18D02C03S01,SAN ANTONIO 1,18D02C01
1629,18D02C03S02,SAN ANTONIO 2,18D02C01
1630,18D02C04S01,NUEVA AMBATO 1,18D02C01
1631,18D02C04S02,NUEVA AMBATO 2,18D02C01
1632,18D02C05S01,TECHO PROPIO 1,18D02C01
1633,18D02C06S01,PISHIDATA 1,18D02C01
1634,18D02C07S01,SIMON BOLIVAR 1,18D02C01
1635,18D02C07S02,SIMON BOLIVAR 2,18D02C01
1636,18D02C08S01,MINARICA 1,18D02C01
1637,18D02C08S02,MINARICA 2,18D02C01
1638,18D02C09S01,PILAHUIN 1,18D02C01
1639,18D02C09S02,PILAHUIN 2,18D02C01
1640,18D02C10S01,SANTA ROSA 1,18D02C01
1641,18D02C11S01,PICAIHUA 1,18D02C01
1642,18D02C11S02,PICAIHUA 2,18D02C01
1643,18D02C12S01,HUACHI GRANDE 1,18D02C01
1644,18D03C01S01,BAÑOS 1,18D03C01
1645,18D03C01S02,BAÑOS 2,18D03C01
1646,18D03C02S01,RIO NEGRO 1,18D03C01
1647,18D04C01S01,PATATE 1,18D04C01
1648,18D04C01S02,PATATE 2,18D04C01
1649,18D04C01S03,PATATE 3,18D04C01
1650,18D04C02S01,PELILEO GRANDE 1,18D04C01
1651,18D04C03S01,EL TAMBO 1,18D04C01
1652,18D04C04S01,PELILEO SUR 1,18D04C01
1653,18D04C05S01,SALASACA 1,18D04C01
1654,18D04C05S02,SALASACA 2,18D04C01
1655,18D04C06S01,GARCIA MORENO 1,18D04C01
1656,18D04C07S01,COTALO 1,18D04C01
1657,18D04C07S02,COTALO 2,18D04C01
1658,18D04C07S03,COTALO 3,18D04C01
1659,18D05C01S01,PILLARO 1,18D05C01
1660,18D05C01S02,PILLARO 2,18D05C01
1661,18D05C02S01,SAN MIGUELITO 1,18D05C01
1662,18D05C02S02,SAN MIGUELITO 2,18D05C01
1663,18D05C03S01,SAN ANDRES 1,18D05C01
1664,18D05C03S02,SAN ANDRES 2,18D05C01
1665,18D06C01S01,CEVALLOS 1,18D06C01
1666,18D06C02S01,MOCHA 1,18D06C01
1667,18D06C03S01,QUERO 1,18D06C01
1668,18D06C04S01,RUMIPAMBA 1,18D06C01
1669,18D06C05S01,TISALEO 1,18D06C01
1670,19D01C01S01,CENTRO 1,19D01C01
1671,19D01C02S01,LA CHACRA 1,19D01C01
1672,19D01C03S01,SABANILLA 1,19D01C01
1673,19D01C05S01,GUADALUPE 1,19D01C01
1674,19D01C06S01,NAMBIJA 1,19D01C01
1675,19D01C06S02,NAMBIJA 2,19D01C01
1676,19D01C07S01,YACUAMBI 1,19D01C01
1677,19D01C08S01,LA PAZ 1,19D01C01
1678,19D01C09S01,TUTUPALI 1,19D01C01
1679,19D02C01S01,GUAYZIMI 1,19D02C01
1680,19D02C02S01,ZURMI 1,19D02C01
1681,19D02C03S01,NUEVO PASAISO 1,19D02C01
1682,19D02C04S01,ZUMBI 1,19D02C01
1683,19D02C05S01,PAQUISHA 1,19D02C01
1684,19D02C06S01,NUEVO QUITO 1,19D02C01
1685,19D03C01S01,SAN ANDRES 1,19D03C01
1686,19D03C02S01,LA BALSA 1,19D03C01
1687,19D03C03S01,ZUMBA 1,19D03C01
1688,19D03C04S01,CHITO 1,19D03C01
1689,19D03C05S01,PALANDA 1,19D03C01
1690,19D03C06S01,PORVENIR DEL CARMEN 1,19D03C01
1691,19D03C07S01,SAN FRANCISCO DEL VERGEL 1,19D03C01
1692,19D04C01S01,YANTZAZA 1,19D04C01
1693,19D04C01S02,YANTZAZA 2,19D04C01
1694,19D04C02S01,LOS ENCUENTROS 1,19D04C01
1695,19D04C03S01,PANGUI 1,19D04C01
1696,19D04C03S02,PANGUI 2,19D04C01
1697,19D04C04S01,TUNDAYME 1,19D04C01
1698,20D01C01S01,ISABELA 1,20D01C01
1699,20D01C02S01,FERNANDINA 1,20D01C01
1700,20D01C03S01,SAN CRISTOBAL 1,20D01C01
1701,20D01C04S01,PROGRESO 1,20D01C01
1702,20D01C05S01,BELLAVISTA 1,20D01C01
1703,20D01C06S01,PUERTO AYORA 1,20D01C01
1704,20D01C07S01,PINZON 1,20D01C01
1705,21D01C01S01,CASCALES 1,21D01C01
1706,21D01C01S02,CASCALES 2,21D01C01
1707,21D01C02S01,LUMBAQUI 1,21D01C01
1708,21D01C02S02,LUMBAQUI 2,21D01C01
1709,21D01C03S01,LA BONITA 1,21D01C01
1710,21D01C03S02,LA BONITA 2,21D01C01
1711,21D02C01S01,NUEVO SUCUMBIOS 1,21D02C01
1712,21D02C01S02,NUEVO SUCUMBIOS 2,21D02C01
1713,21D02C02S01,EL DORADO 1,21D02C01
1714,21D02C03S01,PARQUE ECOLOGICO 1,21D02C01
1715,21D02C03S02,PARQUE ECOLOGICO 2,21D02C01
1716,21D02C04S01,LAS PALMERAS 1,21D02C01
1717,21D02C04S02,LAS PALMERAS 2,21D02C01
1718,21D02C05S01,SANTA CECILIA 1,21D02C01
1719,21D02C05S02,SANTA CECILIA 2,21D02C01
1720,21D02C06S01,EL ENO 1,21D02C01
1721,21D02C07S01,PACAYACU 1,21D02C01
1722,21D02C07S02,PACAYACU 2,21D02C01
1723,21D02C08S01,GENERAL FARFAN 1,21D02C01
1724,21D03C01S01,TARAPOA 1,21D03C01
1725,21D03C03S01,PALMA ROJA 1,21D03C01
1726,21D03C04S01,PUERTO DEL CARMEN 1,21D03C01
1727,21D03C04S02,PUERTO DEL CARMEN 2,21D03C01
1728,21D04C01S01,LA PRIMAVERA 1,21D04C01
1729,21D04C02S01,SHUSHUFINDI CENTRO 1,21D04C01
1730,21D04C02S02,SHUSHUFINDI CENTRO 2,21D04C01
1731,21D04C03S01,7 DE JULIO 1,21D04C01
1732,21D04C04S01,PAÑACOCHA 1,21D04C01
1733,21D04C05S01,LIMONCOCHA 1,21D04C01
1734,22D01C01S01,SAN SEBASTIAN 1,22D01C01
1735,22D01C01S02,SAN SEBASTIAN 2,22D01C01
1736,22D01C02S01,SAN PEDRO 1,22D01C01
1737,22D01C02S02,SAN PEDRO 2,22D01C01
1738,22D01C02S03,SAN PEDRO 3,22D01C01
1739,22D01C02S04,SAN PEDRO 4,22D01C01
1740,22D01C03S01,SACHAS 1,22D01C01
1741,22D01C03S02,SACHAS 2,22D01C01
1742,22D01C04S01,POMPEYA 1,22D01C01
1743,22D02C01S01,24 DE MAYO 1,22D02C01
1744,22D02C02S01,LORETO 1,22D02C01
1745,22D02C02S02,LORETO 2,22D02C01
1746,22D02C03S01,PAYAMINO 1,22D02C01
1747,22D02C04S01,COCA ORIENTE 1,22D02C01
1748,22D02C04S02,COCA ORIENTE 2,22D02C01
1749,22D02C04S03,COCA ORIENTE 3,22D02C01
1750,22D02C04S04,COCA ORIENTE 4,22D02C01
1751,22D02C05S01,COCA OCCIDENTE 1,22D02C01
1752,22D02C05S02,COCA OCCIDENTE 2,22D02C01
1753,22D02C05S03,COCA OCCIDENTE 3,22D02C01
1754,22D02C05S04,COCA OCCIDENTE 4,22D02C01
1755,22D02C05S05,COCA OCCIDENTE 5,22D02C01
1756,22D02C06S01,NUEVO PARAISO 1,22D02C01
1757,22D02C06S02,NUEVO PARAISO 2,22D02C01
1758,22D02C07S01,LA BELLEZA 1,22D02C01
1759,22D02C08S01,DAYUMA 1,22D02C01
1760,22D02C08S02,DAYUMA 2,22D02C01
1761,22D02C08S03,DAYUMA 3,22D02C01
1762,22D02C09S01,ALEJANDRO LABAKA 1,22D02C01
1763,22D02C10S01,INES ARANGO 1,22D02C01
1764,22D02C11S01,SAN LUIS DE ARMENIA 1,22D02C01
1765,22D03C01S01,AGUARICO 1,22D03C01
1766,22D03C02S01,NUEVO ROCAFUERTE 1,22D03C01
1767,22D03C03S01,RIO NAPO 1,22D03C01
1768,23D01C01S01,COLONIA VELASCO IBARRA 1,23D01C01
1769,23D01C02S01,CENTRO 1,23D01C01
1770,23D01C02S02,CENTRO 2,23D01C01
1771,23D01C02S03,CENTRO 3,23D01C01
1772,23D01C02S04,CENTRO 4,23D01C01
1773,23D01C03S01,SANTA MARTHA NORTE 1,23D01C01
1774,23D01C03S02,SANTA MARTHA NORTE 2,23D01C01
1775,23D01C04S01,SANTA MARTHA SUR 1,23D01C01
1776,23D01C04S02,SANTA MARTHA SUR 2,23D01C01
1777,23D01C04S03,SANTA MARTHA SUR 3,23D01C01
1778,23D01C05S01,3 DE JULIO 1,23D01C01
1779,23D01C05S02,3 DE JULIO 2,23D01C01
1780,23D01C06S01,UNIFICADOS 1,23D01C01
1781,23D01C06S02,UNIFICADOS 2,23D01C01
1782,23D01C07S01,CRISTO VIVE 1,23D01C01
1783,23D01C07S02,CRISTO VIVE 2,23D01C01
1784,23D01C08S01,LAS MERCEDES 1,23D01C01
1785,23D01C09S01,EL TOACHI 1,23D01C01
1786,23D01C09S02,EL TOACHI 2,23D01C01
1787,23D01C10S01,BOLIVAR 1,23D01C01
1788,23D01C11S01,LA LORENA 1,23D01C01
1789,23D01C12S01,EL ESFUERZO 1,23D01C01
1790,23D01C13S01,SANTA MARIA 1,23D01C01
1791,23D01C14S01,ALLURIQUIN 1,23D01C01
1792,23D01C15S01,LELIA 1,23D01C01
1793,23D01C16S01,LUZ DE AMERICA 1,23D01C01
1794,23D01C16S02,LUZ DE AMERICA 2,23D01C01
1795,23D01C17S01,JULIO MORENO 1,23D01C01
1796,23D02C01S01,JUAN EULOGIO 1,23D02C01
1797,23D02C01S02,JUAN EULOGIO 2,23D02C01
1798,23D02C01S03,JUAN EULOGIO 3,23D02C01
1799,23D02C02S01,CHILA 1,23D02C01
1800,23D02C03S01,BOMBOLI 1,23D02C01
1801,23D02C03S02,BOMBOLI 2,23D02C01
1802,23D02C04S01,EL COLORADO 1,23D02C01
1803,23D02C04S02,EL COLORADO 2,23D02C01
1804,23D02C04S03,EL COLORADO 3,23D02C01
1805,23D02C05S01,EL PROLETARIADO 1,23D02C01
1806,23D02C05S02,EL PROLETARIADO 2,23D02C01
1807,23D02C06S01,PLAN DE VIVIENDA 1,23D02C01
1808,23D02C06S02,PLAN DE VIVIENDA 2,23D02C01
1809,23D02C07S01,NUEVO ISRAEL 1,23D02C01
1810,23D02C08S01,VALLE HERMOSO 1,23D02C01
1811,23D02C08S02,VALLE HERMOSO 2,23D02C01
1812,23D02C08S03,VALLE HERMOSO 3,23D02C01
1813,23D02C09S01,SAN JACINTO DEL BUA 1,23D02C01
1814,23D02C10S01,SAN VICENTE DE BUA 1,23D02C01
1815,23D02C11S01,PUERTO LIMON 1,23D02C01
1816,23D03C01S01,CONCORDIA NORTE 1,23D03C01
1817,23D03C01S02,CONCORDIA NORTE 2,23D03C01
1818,23D03C01S03,CONCORDIA NORTE 3,23D03C01
1819,23D03C02S01,MONTERREY 1,23D03C01
1820,23D03C02S02,MONTERREY 2,23D03C01
1821,23D03C03S01,PLAN PILOTO 1,23D03C01
1822,24D01C01S01,CHANDUY 1,24D01C01
1823,24D01C01S02,CHANDUY 2,24D01C01
1824,24D01C02S01,JULIO MORENO 1,24D01C01
1825,24D01C03S01,ATAHUALPA 1,24D01C01
1826,24D01C03S02,ATAHUALPA 2,24D01C01
1827,24D01C04S01,SANTA ELENA CENTRO 1,24D01C01
1828,24D01C04S02,SANTA ELENA CENTRO 2,24D01C01
1829,24D01C04S03,SANTA ELENA CENTRO 3,24D01C01
1830,24D01C04S04,SANTA ELENA CENTRO 4,24D01C01
1831,24D01C05S01,SAN PABLO 1,24D01C01
1832,24D01C06S01,MANANTIAL DE GUANGALA 1,24D01C01
1833,24D01C07S01,PALMAR 1,24D01C01
1834,24D01C08S01,COLONCHE 1,24D01C01
1835,24D01C09S01,OLON 1,24D01C01
1836,24D01C10S01,MONTAÑITA 1,24D01C01
1837,24D02C01S01,LIBERTAD CENTRO 1,24D02C01
1838,24D02C01S02,LIBERTAD CENTRO 2,24D02C01
1839,24D02C01S03,LIBERTAD CENTRO 3,24D02C01
1840,24D02C01S04,LIBERTAD CENTRO 4,24D02C01
1841,24D02C02S01,VIRGEN DEL CARMEN 1,24D02C01
1842,24D02C02S02,VIRGEN DEL CARMEN 2,24D02C01
1843,24D02C03S01,5 DE JUNIO 1,24D02C01
1844,24D02C03S02,5 DE JUNIO 2,24D02C01
1845,24D02C04S01,ENRIQUEZ GALLO 1,24D02C01
1846,24D02C05S01,SALINAS CENTRO 1,24D02C01
1847,24D02C05S02,SALINAS CENTRO 2,24D02C01
1848,24D02C05S03,SALINAS CENTRO 3,24D02C01
1849,24D02C06S01,SANTA ROSA 1,24D02C01
1850,24D02C06S02,SANTA ROSA 2,24D02C01
1851,24D02C06S03,SANTA ROSA 3,24D02C01
1852,24D02C07S01,PUERTO AGUAJE 1,24D02C01
1853,24D02C07S02,PUERTO AGUAJE 2,24D02C01
1854,24D02C08S01,ANCONCITO 1,24D02C01
